Date,ADRO.JK,ANTM.JK,BBCA.JK,BBNI.JK,PTBA.JK
2022-01-03,840.7259521484375,1944.5784912109375,6573.09423828125,2772.38525390625,1227.6514892578125
2022-01-04,815.894287109375,1911.3377685546875,6640.39501953125,2896.060546875,1241.4453125
2022-01-05,794.6101684570312,1886.4072265625,6685.2626953125,2865.141845703125,1255.2392578125
2022-01-06,815.894287109375,1853.1666259765625,6707.6962890625,2865.141845703125,1241.4453125
2022-01-07,862.0101318359375,1853.1666259765625,6864.73291015625,2916.673095703125,1282.826904296875
2022-01-10,851.3679809570312,1844.856689453125,6819.86474609375,2906.36669921875,1278.22900390625
2022-01-11,830.0838012695312,1728.5142822265625,6909.6005859375,2896.060546875,1301.218505859375
2022-01-12,819.4415893554688,1608.0169677734375,6909.6005859375,2906.36669921875,1269.032958984375
2022-01-13,808.7996215820312,1632.9473876953125,6909.6005859375,2896.060546875,1292.022705078125
2022-01-14,805.2523803710938,1620.4820556640625,7044.20361328125,2926.9794921875,1301.218505859375
2022-01-17,801.7050170898438,1541.5355224609375,6954.46728515625,2968.204345703125,1292.022705078125
2022-01-18,787.515380859375,1479.2093505859375,6887.1669921875,2916.673095703125,1296.62060546875
2022-01-19,791.0628051757812,1433.50341796875,6887.1669921875,2926.9794921875,1292.022705078125
2022-01-20,819.4415893554688,1608.0169677734375,6976.90185546875,2947.591796875,1296.62060546875
2022-01-21,819.4415893554688,1616.326904296875,7133.9375,2957.89794921875,1301.218505859375
2022-01-24,805.2523803710938,1566.4659423828125,6999.33544921875,2926.9794921875,1319.6103515625
2022-01-25,783.9681396484375,1462.5889892578125,6976.90185546875,2803.30419921875,1292.022705078125
2022-01-26,783.9681396484375,1499.9847412109375,6909.6005859375,2937.28564453125,1319.6103515625
2022-01-27,819.4415893554688,1466.744140625,6999.33544921875,2968.204345703125,1333.4041748046875
2022-01-28,808.7996215820312,1470.899169921875,6976.90185546875,3091.879638671875,1324.2083740234375
2022-01-31,794.6101684570312,1470.899169921875,6842.29931640625,3019.735595703125,1310.4144287109375
2022-02-02,783.9681396484375,1479.2093505859375,6999.33544921875,3040.348388671875,1292.022705078125
2022-02-03,787.515380859375,1529.0701904296875,6932.03369140625,3009.429443359375,1296.62060546875
2022-02-04,773.3258056640625,1504.139892578125,6932.03369140625,3019.735595703125,1282.826904296875
2022-02-07,780.4207153320312,1504.139892578125,6999.33544921875,3040.348388671875,1296.62060546875
2022-02-08,780.4207153320312,1487.51953125,6932.03369140625,3091.879638671875,1305.816650390625
2022-02-09,783.9681396484375,1479.2093505859375,7133.9375,3122.79833984375,1319.6103515625
2022-02-10,766.2312622070312,1562.3109130859375,6954.46728515625,3164.0234375,1305.816650390625
2022-02-11,769.7786254882812,1533.2254638671875,7021.7685546875,3174.32958984375,1324.2083740234375
2022-02-14,791.0628051757812,1570.6212158203125,6909.6005859375,3174.32958984375,1338.0020751953125
2022-02-15,812.346923828125,1562.3109130859375,7066.63623046875,3267.086181640625,1338.0020751953125
2022-02-16,794.6101684570312,1562.3109130859375,7156.37158203125,3277.392333984375,1333.4041748046875
2022-02-17,787.515380859375,1616.326904296875,7089.0712890625,3256.779541015625,1333.4041748046875
2022-02-18,794.6101684570312,1736.8243408203125,7111.50439453125,3287.698486328125,1347.1981201171875
2022-02-21,787.515380859375,1803.3056640625,7133.9375,3256.779541015625,1351.7960205078125
2022-02-22,791.0628051757812,1811.61572265625,7089.0712890625,3194.942138671875,1351.7960205078125
2022-02-23,822.9890747070312,1828.2362060546875,7223.673828125,3267.086181640625,1383.9815673828125
2022-02-24,879.7470703125,1844.856689453125,7178.8056640625,3225.86083984375,1457.548583984375
2022-02-25,869.1048583984375,1844.856689453125,7223.673828125,3298.0048828125,1443.7548828125
2022-03-01,915.2206420898438,1878.0972900390625,7223.673828125,3267.086181640625,1466.7447509765625
2022-03-02,925.8627319335938,1903.0277099609375,7156.37158203125,3205.24853515625,1494.3323974609375
2022-03-04,1078.3995361328125,2035.990478515625,7089.0712890625,3256.779541015625,1627.6727294921875
2022-03-07,1149.3468017578125,2343.466064453125,6909.6005859375,3184.635986328125,1664.456298828125
2022-03-08,1106.7784423828125,2360.086669921875,6864.73291015625,3133.1044921875,1600.0848388671875
2022-03-09,1092.5889892578125,2202.193603515625,7044.20361328125,3205.24853515625,1627.6727294921875
2022-03-10,1057.115234375,2135.71240234375,7111.50439453125,3205.24853515625,1595.487060546875
2022-03-11,1064.210205078125,2094.161376953125,7133.9375,3277.392333984375,1600.0848388671875
2022-03-14,989.7152709960938,1994.4393310546875,7246.10693359375,3339.229736328125,1521.919921875
2022-03-15,961.3364868164062,1969.5087890625,7313.40771484375,3328.923583984375,1517.322021484375
2022-03-16,1000.3575439453125,1986.1292724609375,7358.275390625,3442.292724609375,1554.105712890625
2022-03-17,971.978515625,1952.8887939453125,7178.8056640625,3390.761474609375,1526.5179443359375
2022-03-18,964.883544921875,1986.1292724609375,7089.0712890625,3421.68017578125,1466.7447509765625
2022-03-21,964.883544921875,1961.1988525390625,7089.0712890625,3328.923583984375,1480.5384521484375
2022-03-22,993.2626342773438,2119.091796875,7111.50439453125,3308.31103515625,1517.322021484375
2022-03-23,993.2626342773438,2077.541015625,7089.0712890625,3328.923583984375,1531.115966796875
2022-03-24,1021.6416625976562,2193.88330078125,7111.50439453125,3453.326171875,1540.3118896484375
2022-03-25,1000.3575439453125,2210.503662109375,7133.9375,3453.326171875,1526.5179443359375
2022-03-28,1014.5468139648438,2185.5732421875,7197.7158203125,3568.786865234375,1577.09521484375
2022-03-29,982.6204223632812,2102.471435546875,7152.16064453125,3516.304443359375,1549.507568359375
2022-03-30,950.6942749023438,2085.851318359375,7174.9375,3526.801025390625,1508.1260986328125
2022-03-31,954.2416381835938,2027.6802978515625,7266.0478515625,3463.822265625,1512.7242431640625
2022-04-01,996.8101806640625,2085.851318359375,7220.49267578125,3442.82958984375,1531.115966796875
2022-04-04,996.8101806640625,2193.88330078125,7197.7158203125,3537.29736328125,1544.90966796875
2022-04-05,1064.210205078125,2218.814208984375,7197.7158203125,3516.304443359375,1600.0848388671875
2022-04-06,1089.041748046875,2202.193603515625,7061.04931640625,3421.836669921875,1604.6829833984375
2022-04-07,1081.94677734375,2293.60546875,7061.04931640625,3484.815185546875,1609.281005859375
2022-04-08,1120.9678955078125,2326.84619140625,7152.16064453125,3537.29736328125,1655.260498046875
2022-04-11,1113.8731689453125,2185.5732421875,7038.27197265625,3526.801025390625,1632.2706298828125
2022-04-12,1113.8731689453125,2218.814208984375,7106.60498046875,3537.29736328125,1613.8787841796875
2022-04-13,1188.367919921875,2318.535888671875,7106.60498046875,3547.793701171875,1728.827392578125
2022-04-14,1174.1785888671875,2310.225830078125,7015.49462890625,3526.801025390625,1733.425537109375
2022-04-18,1167.083740234375,2409.94775390625,7015.49462890625,3537.29736328125,1728.827392578125
2022-04-19,1159.9888916015625,2368.39697265625,6947.16162109375,3526.801025390625,1724.2296142578125
2022-04-20,1145.7994384765625,2343.466064453125,6969.93896484375,3768.21875,1701.23974609375
2022-04-21,1159.9888916015625,2318.535888671875,7220.49267578125,3936.161865234375,1710.435791015625
2022-04-22,1138.704833984375,2276.9853515625,7174.9375,3925.665283203125,1696.6419677734375
2022-04-25,1138.704833984375,2177.262939453125,7288.82568359375,3988.643798828125,1701.23974609375
2022-04-26,1120.9678955078125,2077.541015625,7402.7138671875,4030.629638671875,1673.6522216796875
2022-04-27,1124.51513671875,2127.402099609375,7471.04638671875,3967.6513671875,1701.23974609375
2022-04-28,1184.820556640625,2160.642578125,7402.7138671875,3873.18310546875,1756.4150390625
2022-05-09,1120.9678955078125,2102.471435546875,6924.38427734375,3705.240478515625,1733.425537109375
2022-05-10,1096.1363525390625,2011.059814453125,6856.05126953125,3736.729736328125,1682.84814453125
2022-05-11,1117.42041015625,1994.4393310546875,6969.93896484375,3684.24755859375,1705.8377685546875
2022-05-12,1117.42041015625,1936.2684326171875,6628.275390625,3442.82958984375,1678.2501220703125
2022-05-13,1138.704833984375,1936.2684326171875,6673.8310546875,3463.822265625,1747.219482421875
2022-05-17,1194.8828125,1986.1292724609375,6742.1640625,3547.793701171875,1885.15771484375
2022-05-18,1183.7503662109375,1994.4393310546875,6901.607421875,3673.7509765625,1839.17822265625
2022-05-19,1154.0638427734375,2044.30029296875,6787.71875,3642.26171875,1816.1885986328125
2022-05-20,1228.2802734375,2069.231201171875,6742.1640625,3684.24755859375,1862.16796875
2022-05-23,1168.9072265625,2102.471435546875,6719.38623046875,3715.73681640625,1885.15771484375
2022-05-24,1187.4610595703125,2135.71240234375,6696.60888671875,3810.20458984375,2023.0960693359375
2022-05-25,1150.35302734375,2069.231201171875,6719.38623046875,3747.22607421875,2018.4979248046875
2022-05-27,1172.6180419921875,2052.610595703125,6901.607421875,3862.686767578125,2032.2918701171875
2022-05-30,1135.5096435546875,2127.402099609375,6901.607421875,3862.686767578125,2036.8900146484375
2022-05-31,1213.4368896484375,2085.851318359375,7061.04931640625,3852.1904296875,2082.869384765625
2022-06-02,1235.7017822265625,2085.851318359375,6901.607421875,3715.73681640625,2092.065185546875
2022-06-03,1306.2073974609375,2077.541015625,6924.38427734375,3757.72265625,2128.848876953125
2022-06-06,1283.9423828125,2068.033935546875,6787.71875,3736.729736328125,2327.888671875
2022-06-07,1354.447998046875,2042.7109375,6719.38623046875,3736.729736328125,2198.261474609375
2022-06-08,1347.0263671875,2042.7109375,6924.38427734375,3778.715087890625,2187.459228515625
2022-06-09,1335.893798828125,2025.828857421875,6833.2744140625,3642.26171875,2198.261474609375
2022-06-10,1272.81005859375,1932.978515625,6696.60888671875,3484.815185546875,2117.244384765625
2022-06-13,1183.7503662109375,1907.6556396484375,6696.60888671875,3463.822265625,2090.23876953125
2022-06-14,1209.72607421875,1840.1279296875,6742.1640625,3474.31884765625,2095.639892578125
2022-06-15,1128.0882568359375,1831.68701171875,6673.8310546875,3474.31884765625,1987.6170654296875
2022-06-16,1135.5096435546875,1814.80517578125,6901.607421875,3463.822265625,2063.23291015625
2022-06-17,1083.558349609375,1781.0413818359375,6833.2744140625,3432.3330078125,2014.622802734375
2022-06-20,1087.2691650390625,1747.277587890625,6947.16162109375,3411.34033203125,2014.622802734375
2022-06-21,1124.3773193359375,1814.80517578125,6969.93896484375,3547.793701171875,2176.65673828125
2022-06-22,1124.3773193359375,1705.07275390625,6833.2744140625,3421.836669921875,2225.26708984375
2022-06-23,1090.97998046875,1658.6475830078125,6856.05126953125,3421.836669921875,2209.063720703125
2022-06-24,1102.1124267578125,1662.867919921875,6810.49609375,3421.836669921875,2209.063720703125
2022-06-27,1098.401611328125,1595.34033203125,6696.60888671875,3379.850830078125,2144.25
2022-06-28,1094.6907958984375,1574.2379150390625,6651.05322265625,3390.347412109375,2176.65673828125
2022-06-29,1065.004150390625,1548.9151611328125,6628.275390625,3369.3544921875,2155.052490234375
2022-06-30,1061.29345703125,1519.3717041015625,6605.49755859375,3295.87939453125,2063.23291015625
2022-07-01,1009.3419189453125,1477.1669921875,6605.49755859375,3295.87939453125,2009.2216796875
2022-07-04,1027.8958740234375,1451.8441162109375,6423.27734375,3211.908203125,1987.6170654296875
2022-07-05,1068.715087890625,1510.9307861328125,6605.49755859375,3253.893798828125,2133.44775390625
2022-07-06,1027.8958740234375,1451.8441162109375,6651.05322265625,3211.908203125,2084.837646484375
2022-07-07,1027.8958740234375,1451.8441162109375,6468.83251953125,3190.915283203125,2079.4365234375
2022-07-08,1050.160888671875,1447.62353515625,6514.38818359375,3190.915283203125,2122.6455078125
2022-07-11,1050.160888671875,1451.8441162109375,6491.61083984375,3148.929443359375,2090.23876953125
2022-07-12,1083.558349609375,1468.72607421875,6537.16552734375,3127.9365234375,2149.651123046875
2022-07-13,1087.2691650390625,1451.8441162109375,6377.72216796875,3033.46875,2176.65673828125
2022-07-14,1087.2691650390625,1392.7574462890625,6400.49951171875,3054.461669921875,2192.8603515625
2022-07-15,1024.185302734375,1299.9068603515625,6377.72216796875,3054.461669921875,2128.046875
2022-07-18,1035.317626953125,1316.7889404296875,6514.38818359375,3075.454345703125,2101.041015625
2022-07-19,1094.6907958984375,1396.977783203125,6537.16552734375,3064.957763671875,2149.651123046875
2022-07-20,1120.66650390625,1430.7418212890625,6742.1640625,3222.404541015625,2176.65673828125
2022-07-21,1120.66650390625,1413.85986328125,6742.1640625,3243.397216796875,2171.255859375
2022-07-22,1124.3773193359375,1502.4898681640625,6673.8310546875,3232.90087890625,2187.459228515625
2022-07-25,1150.35302734375,1481.3875732421875,6651.05322265625,3190.915283203125,2192.8603515625
2022-07-26,1172.6180419921875,1510.9307861328125,6651.05322265625,3222.404541015625,2209.063720703125
2022-07-27,1217.147705078125,1506.71044921875,6673.8310546875,3264.390380859375,2306.283935546875
2022-07-28,1217.147705078125,1688.1907958984375,6696.60888671875,3285.3828125,2306.283935546875
2022-07-29,1206.0152587890625,1650.20654296875,6696.60888671875,3295.87939453125,2322.487548828125
2022-08-01,1243.1234130859375,1755.718505859375,6833.2744140625,3337.865234375,2311.68505859375
2022-08-02,1180.03955078125,1683.970458984375,6924.38427734375,3390.347412109375,2263.074951171875
2022-08-03,1228.2802734375,1662.867919921875,6947.16162109375,3411.34033203125,2284.6796875
2022-08-04,1183.7503662109375,1662.867919921875,7106.60498046875,3358.858154296875,2219.865966796875
2022-08-05,1161.4854736328125,1705.07275390625,7174.9375,3463.822265625,2225.26708984375
2022-08-08,1142.931396484375,1738.8365478515625,7174.9375,3463.822265625,2182.057861328125
2022-08-09,1161.4854736328125,1840.1279296875,7197.7158203125,3547.793701171875,2198.261474609375
2022-08-10,1165.1962890625,1789.482177734375,7197.7158203125,3558.290283203125,2252.272705078125
2022-08-11,1168.9072265625,1890.773681640625,7243.27001953125,3579.283203125,2241.470703125
2022-08-12,1183.7503662109375,1873.8919677734375,7220.49267578125,3579.283203125,2241.470703125
2022-08-15,1172.6180419921875,1797.92333984375,7243.27001953125,3589.779541015625,2230.668212890625
2022-08-16,1168.9072265625,1755.718505859375,7266.0478515625,3600.27587890625,2203.66259765625
2022-08-18,1206.0152587890625,1730.3956298828125,7288.82568359375,3631.765625,2230.668212890625
2022-08-19,1206.0152587890625,1738.8365478515625,7197.7158203125,3568.786865234375,2273.877197265625
2022-08-22,1168.9072265625,1675.5294189453125,7288.82568359375,3484.815185546875,2214.46484375
2022-08-23,1243.1234130859375,1713.513671875,7197.7158203125,3484.815185546875,2295.48193359375
2022-08-24,1265.3883056640625,1696.6317138671875,7243.27001953125,3484.815185546875,2338.69091796875
2022-08-25,1265.3883056640625,1683.970458984375,7357.15771484375,3474.31884765625,2354.894287109375
2022-08-26,1265.3883056640625,1650.20654296875,7288.82568359375,3484.815185546875,2354.894287109375
2022-08-29,1283.9423828125,1603.7813720703125,7425.490234375,3442.82958984375,2354.894287109375
2022-08-30,1313.62890625,1675.5294189453125,7448.2685546875,3537.29736328125,2344.091796875
2022-08-31,1313.62890625,1679.7498779296875,7471.04638671875,3579.283203125,2295.48193359375
2022-09-01,1373.001953125,1633.32470703125,7425.490234375,3579.283203125,2290.08056640625
2022-09-02,1402.6884765625,1603.7813720703125,7493.82470703125,3652.75830078125,2300.883056640625
2022-09-05,1495.458740234375,1662.867919921875,7539.37841796875,3715.73681640625,2403.504638671875
2022-09-06,1499.1697998046875,1679.7498779296875,7539.37841796875,3673.7509765625,2414.306884765625
2022-09-07,1491.748291015625,1645.986083984375,7630.4892578125,3600.27587890625,2392.7021484375
2022-09-08,1462.0615234375,1620.6632080078125,7607.7119140625,3684.24755859375,2338.69091796875
2022-09-09,1465.7724609375,1667.08837890625,7630.4892578125,3694.743896484375,2327.888671875
2022-09-12,1473.1939697265625,1671.3089599609375,7630.4892578125,3694.743896484375,2344.091796875
2022-09-13,1488.037353515625,1747.277587890625,7767.15478515625,3768.21875,2360.29541015625
2022-09-14,1488.037353515625,1789.482177734375,7744.3759765625,3736.729736328125,2354.894287109375
2022-09-15,1506.591552734375,1747.277587890625,7972.15283203125,3852.1904296875,2381.89990234375
2022-09-16,1458.350830078125,1721.95458984375,7698.822265625,3757.72265625,2333.289794921875
2022-09-19,1450.9290771484375,1730.3956298828125,7881.04248046875,3768.21875,2279.278564453125
2022-09-20,1443.5074462890625,1730.3956298828125,7789.93212890625,3768.21875,2268.47607421875
2022-09-21,1450.9290771484375,1755.718505859375,7721.59912109375,3768.21875,2273.877197265625
2022-09-22,1521.4346923828125,1755.718505859375,7721.59912109375,3778.715087890625,2344.091796875
2022-09-23,1502.8804931640625,1721.95458984375,7630.4892578125,3778.715087890625,2322.487548828125
2022-09-26,1432.375,1662.867919921875,7676.04443359375,3778.715087890625,2241.470703125
2022-09-27,1450.9290771484375,1658.6475830078125,7562.15625,3778.715087890625,2252.272705078125
2022-09-28,1436.0859375,1624.8836669921875,7584.93408203125,3778.715087890625,2241.470703125
2022-09-29,1465.7724609375,1620.6632080078125,7630.4892578125,3768.21875,2236.0693359375
2022-09-30,1469.4832763671875,1637.5450439453125,7789.93212890625,3768.21875,2252.272705078125
2022-10-03,1469.4832763671875,1595.34033203125,7744.3759765625,3736.729736328125,2246.871826171875
2022-10-04,1528.8563232421875,1624.8836669921875,7789.93212890625,3715.73681640625,2290.08056640625
2022-10-05,1514.012939453125,1637.5450439453125,7698.822265625,3715.73681640625,2273.877197265625
2022-10-06,1521.4346923828125,1629.1041259765625,7676.04443359375,3736.729736328125,2284.6796875
2022-10-07,1536.2779541015625,1633.32470703125,7471.04638671875,3684.24755859375,2317.08642578125
2022-10-10,1454.64013671875,1612.22216796875,7562.15625,3673.7509765625,2241.470703125
2022-10-11,1458.350830078125,1599.560791015625,7516.6015625,3652.75830078125,2279.278564453125
2022-10-12,1484.3265380859375,1586.8992919921875,7584.93408203125,3631.765625,2300.883056640625
2022-10-13,1491.748291015625,1544.694580078125,7539.37841796875,3673.7509765625,2295.48193359375
2022-10-14,1465.7724609375,1536.253662109375,7516.6015625,3537.29736328125,2284.6796875
2022-10-17,1469.4832763671875,1523.5921630859375,7516.6015625,3600.27587890625,2295.48193359375
2022-10-18,1432.375,1515.1512451171875,7562.15625,3642.26171875,2138.848876953125
2022-10-19,1424.9534912109375,1540.47412109375,7539.37841796875,3684.24755859375,2014.622802734375
2022-10-20,1484.3265380859375,1536.253662109375,7744.3759765625,3778.715087890625,2068.63427734375
2022-10-21,1469.4832763671875,1519.3717041015625,7881.04248046875,3778.715087890625,2068.63427734375
2022-10-24,1454.64013671875,1515.1512451171875,8108.818359375,3925.665283203125,2041.62841796875
2022-10-25,1439.7967529296875,1494.0489501953125,7926.59716796875,3957.154296875,2025.4251708984375
2022-10-26,1458.350830078125,1527.812744140625,7789.93212890625,3873.18310546875,2057.831787109375
2022-10-27,1476.9049072265625,1553.1356201171875,7926.59716796875,3925.665283203125,2047.02978515625
2022-10-28,1450.9290771484375,1548.9151611328125,7972.15283203125,3915.1689453125,2047.02978515625
2022-10-31,1476.9049072265625,1557.3560791015625,8017.70947265625,3946.658203125,2111.84326171875
2022-11-01,1391.5560302734375,1527.812744140625,8017.70947265625,3946.658203125,2025.4251708984375
2022-11-02,1387.84521484375,1574.2379150390625,7972.15283203125,3883.679931640625,2020.0240478515625
2022-11-03,1391.5560302734375,1544.694580078125,8017.70947265625,3904.67236328125,2025.4251708984375
2022-11-04,1391.5560302734375,1616.4427490234375,7994.9306640625,3894.17626953125,2025.4251708984375
2022-11-07,1421.24267578125,1688.1907958984375,8063.26318359375,3894.17626953125,2068.63427734375
2022-11-08,1395.2669677734375,1675.5294189453125,7972.15283203125,3883.679931640625,2047.02978515625
2022-11-09,1350.737060546875,1688.1907958984375,8086.04052734375,3904.67236328125,1976.81494140625
2022-11-10,1291.3638916015625,1688.1907958984375,8017.70947265625,3894.17626953125,1874.193359375
2022-11-11,1295.0748291015625,1789.482177734375,8063.26318359375,3904.67236328125,1879.594482421875
2022-11-14,1298.78564453125,1789.482177734375,7972.15283203125,3820.700927734375,1879.594482421875
2022-11-15,1302.4964599609375,1823.2462158203125,8017.70947265625,3831.19775390625,1890.396728515625
2022-11-16,1324.7615966796875,1713.513671875,7835.4873046875,3820.700927734375,1890.396728515625
2022-11-17,1332.18310546875,1667.08837890625,7949.375,3894.17626953125,1917.4024658203125
2022-11-18,1332.18310546875,1654.427001953125,8040.4853515625,3862.686767578125,1917.4024658203125
2022-11-21,1369.291259765625,1654.427001953125,7949.375,3852.1904296875,1971.413818359375
2022-11-22,1373.001953125,1633.32470703125,8108.818359375,3883.679931640625,1993.0184326171875
2022-11-23,1391.5560302734375,1667.08837890625,8086.04052734375,3883.679931640625,1998.4195556640625
2022-11-24,1391.5560302734375,1662.867919921875,8199.9287109375,3894.17626953125,1993.0184326171875
2022-11-25,1384.1343994140625,1645.986083984375,8177.15087890625,3904.67236328125,1966.0126953125
2022-11-28,1387.84521484375,1616.4427490234375,8222.7060546875,3894.17626953125,1987.6170654296875
2022-11-29,1439.7967529296875,1658.6475830078125,8177.15087890625,3936.161865234375,2025.4251708984375
2022-11-30,1436.0859375,1675.5294189453125,8473.259765625,4156.5869140625,2052.430908203125
2022-12-01,1447.2183837890625,1721.95458984375,8199.9287109375,4072.61572265625,2057.831787109375
2022-12-02,1428.664306640625,1721.95458984375,8140.47607421875,4093.608154296875,2036.2274169921875
2022-12-05,1402.6884765625,1738.8365478515625,8026.1435546875,4093.608154296875,1993.0184326171875
2022-12-06,1413.8209228515625,1658.6475830078125,7934.67822265625,4009.636474609375,1976.81494140625
2022-12-07,1421.24267578125,1620.6632080078125,7728.87890625,3988.643798828125,1993.0184326171875
2022-12-08,1387.84521484375,1679.7498779296875,7774.61083984375,3988.643798828125,1998.4195556640625
2022-12-09,1365.580322265625,1633.32470703125,7843.21240234375,4009.636474609375,1955.2103271484375
2022-12-12,1410.110107421875,1645.986083984375,7957.54345703125,3999.140380859375,2052.430908203125
2022-12-13,1387.84521484375,1629.1041259765625,7957.54345703125,4051.62255859375,2009.2216796875
2022-12-14,1439.7967529296875,1637.5450439453125,7888.94482421875,3999.140380859375,2047.02978515625
2022-12-15,1447.2183837890625,1633.32470703125,7774.61083984375,3978.1474609375,2036.2274169921875
2022-12-16,1443.5074462890625,1705.07275390625,7866.07763671875,4114.60107421875,2052.430908203125
2022-12-19,1473.1939697265625,1721.95458984375,7911.810546875,3957.154296875,2063.23291015625
2022-12-20,1454.64013671875,1696.6317138671875,7843.21240234375,3967.6513671875,2036.2274169921875
2022-12-21,1454.64013671875,1721.95458984375,7934.67822265625,3925.665283203125,2030.8262939453125
2022-12-22,1458.350830078125,1713.513671875,7843.21240234375,3957.154296875,2030.8262939453125
2022-12-23,1413.8209228515625,1688.1907958984375,7774.61083984375,3915.1689453125,2020.0240478515625
2022-12-26,1410.110107421875,1688.1907958984375,7843.21240234375,3915.1689453125,1998.4195556640625
2022-12-27,1391.5560302734375,1679.7498779296875,7866.07763671875,3904.67236328125,1993.0184326171875
2022-12-28,1391.5560302734375,1696.6317138671875,7911.810546875,3873.18310546875,1982.2161865234375
2022-12-29,1410.110107421875,1696.6317138671875,7843.21240234375,3873.18310546875,1982.2161865234375
2022-12-30,1428.664306640625,1675.5294189453125,7820.3447265625,3873.18310546875,1993.0184326171875
2023-01-02,1425.2025146484375,1671.3089599609375,7820.3447265625,3873.18310546875,1993.0184326171875
2023-01-03,1397.4129638671875,1688.1907958984375,7820.3447265625,3894.17626953125,2014.622802734375
2023-01-04,1310.07470703125,1730.3956298828125,7637.4130859375,3852.1904296875,1955.2103271484375
2023-01-05,1230.67626953125,1658.6475830078125,7545.947265625,3778.715087890625,1841.78662109375
2023-01-06,1246.555908203125,1675.5294189453125,7591.6796875,3736.729736328125,1852.5887451171875
2023-01-09,1202.88671875,1738.8365478515625,7728.87890625,3778.715087890625,1771.572021484375
2023-01-10,1246.555908203125,1721.95458984375,7477.34716796875,3663.254638671875,1814.7808837890625
2023-01-11,1262.4356689453125,1747.277587890625,7431.61474609375,3568.786865234375,1836.385498046875
2023-01-12,1226.706298828125,1797.92333984375,7477.34716796875,3610.7724609375,1798.57763671875
2023-01-13,1246.555908203125,1814.80517578125,7363.01513671875,3642.26171875,1798.57763671875
2023-01-16,1230.67626953125,1840.1279296875,7454.47998046875,3684.24755859375,1793.17626953125
2023-01-17,1246.555908203125,1916.0965576171875,7614.54638671875,3747.22607421875,1809.3798828125
2023-01-18,1258.4656982421875,1907.6556396484375,7591.6796875,3726.23291015625,1841.78662109375
2023-01-19,1282.285400390625,1916.0965576171875,7614.54638671875,3757.72265625,1884.995849609375
2023-01-20,1286.2552490234375,1958.3013916015625,7591.6796875,3789.2119140625,1928.20458984375
2023-01-24,1270.3756103515625,1958.3013916015625,7523.0810546875,3799.708251953125,1912.0013427734375
2023-01-25,1242.586181640625,1932.978515625,7500.2138671875,3810.20458984375,1879.594482421875
2023-01-26,1194.947021484375,1958.3013916015625,7751.7451171875,3978.1474609375,1830.9842529296875
2023-01-27,1214.7965087890625,1941.41943359375,7957.54345703125,4009.636474609375,1874.193359375
2023-01-30,1194.947021484375,1932.978515625,7957.54345703125,3904.67236328125,1863.3912353515625
2023-01-31,1175.09716796875,1949.860595703125,7751.7451171875,3841.694091796875,1836.385498046875
2023-02-01,1171.12744140625,2000.5059814453125,7774.61083984375,3831.19775390625,1825.5833740234375
2023-02-02,1139.3680419921875,1983.624267578125,7728.87890625,3820.700927734375,1847.187744140625
2023-02-03,1095.6988525390625,1966.7423095703125,7957.54345703125,3904.67236328125,1798.57763671875
2023-02-06,1103.6387939453125,1916.0965576171875,7980.41015625,3925.665283203125,1760.76953125
2023-02-07,1147.307861328125,1899.21484375,8094.74267578125,3936.161865234375,1874.193359375
2023-02-08,1159.2176513671875,1890.773681640625,8071.8759765625,3978.1474609375,1884.995849609375
2023-02-09,1127.458251953125,1873.8919677734375,8140.47607421875,4009.636474609375,1879.594482421875
2023-02-10,1087.759033203125,1873.8919677734375,8071.8759765625,3999.140380859375,1820.1820068359375
2023-02-13,1103.6387939453125,1890.773681640625,8117.609375,3988.643798828125,1820.1820068359375
2023-02-14,1123.48828125,1865.4508056640625,8186.20849609375,3967.6513671875,1836.385498046875
2023-02-15,1171.12744140625,1857.0098876953125,8117.609375,3957.154296875,1857.989990234375
2023-02-16,1159.2176513671875,1781.0413818359375,7957.54345703125,3925.665283203125,1895.7979736328125
2023-02-17,1143.3380126953125,1764.1593017578125,7980.41015625,3894.17626953125,1884.995849609375
2023-02-20,1151.27783203125,1755.718505859375,8003.27685546875,3841.694091796875,1928.20458984375
2023-02-21,1119.5184326171875,1755.718505859375,7957.54345703125,3799.708251953125,1901.1990966796875
2023-02-22,1131.42822265625,1730.3956298828125,7934.67822265625,3715.73681640625,1912.0013427734375
2023-02-23,1151.27783203125,1713.513671875,7980.41015625,3757.72265625,1922.8037109375
2023-02-24,1147.307861328125,1688.1907958984375,7934.67822265625,3736.729736328125,1976.81494140625
2023-02-27,1171.12744140625,1696.6317138671875,8026.1435546875,3757.72265625,2014.622802734375
2023-02-28,1187.007080078125,1679.7498779296875,8003.27685546875,3684.24755859375,2084.837646484375
2023-03-01,1187.007080078125,1688.1907958984375,7866.07763671875,3757.72265625,2095.639892578125
2023-03-02,1187.007080078125,1696.6317138671875,7888.94482421875,3726.23291015625,2160.45361328125
2023-03-03,1198.9168701171875,1683.970458984375,7751.7451171875,3673.7509765625,2165.854736328125
2023-03-06,1155.2476806640625,1654.427001953125,7683.146484375,3694.743896484375,2155.052490234375
2023-03-07,1135.3980712890625,1637.5450439453125,7706.01220703125,3736.729736328125,2068.63427734375
2023-03-08,1159.2176513671875,1591.119873046875,7843.21240234375,3726.23291015625,2084.837646484375
2023-03-09,1151.27783203125,1582.678955078125,7843.21240234375,3841.694091796875,2128.046875
2023-03-10,1135.3980712890625,1586.8992919921875,7728.87890625,3789.2119140625,2101.041015625
2023-03-13,1151.27783203125,1561.5765380859375,7820.3447265625,3778.715087890625,2122.6455078125
2023-03-14,1099.6688232421875,1532.033203125,7614.54638671875,3684.24755859375,2068.63427734375
2023-03-15,1091.72900390625,1565.7969970703125,7614.54638671875,3694.743896484375,2057.831787109375
2023-03-16,1048.059814453125,1515.1512451171875,7591.6796875,3757.72265625,1971.413818359375
2023-03-17,1103.6387939453125,1599.560791015625,7660.279296875,3789.2119140625,2095.639892578125
2023-03-20,1079.8192138671875,1603.7813720703125,7683.146484375,3778.715087890625,2068.63427734375
2023-03-21,1083.7891845703125,1591.119873046875,7774.61083984375,3873.18310546875,2025.4251708984375
2023-03-24,1063.939453125,1599.560791015625,8071.8759765625,4041.1259765625,2003.820556640625
2023-03-27,1063.939453125,1654.427001953125,7957.54345703125,3988.643798828125,1998.4195556640625
2023-03-28,1099.6688232421875,1683.970458984375,7934.67822265625,3952.634765625,2057.831787109375
2023-03-29,1143.3380126953125,1755.718505859375,8209.8955078125,4029.278564453125,2111.84326171875
2023-03-30,1139.3680419921875,1764.1593017578125,8233.21875,4094.97314453125,2090.23876953125
2023-03-31,1151.27783203125,1764.1593017578125,8163.248046875,4094.97314453125,2155.052490234375
2023-04-03,1167.157470703125,1764.1593017578125,8209.8955078125,4094.97314453125,2182.057861328125
2023-04-04,1210.82666015625,1730.3956298828125,8186.5712890625,4094.97314453125,2214.46484375
2023-04-05,1214.7965087890625,1772.6004638671875,8139.9248046875,4084.024169921875,2198.261474609375
2023-04-06,1198.9168701171875,1772.6004638671875,8163.248046875,4105.92236328125,2176.65673828125
2023-04-10,1187.007080078125,1705.07275390625,8209.8955078125,4084.024169921875,2138.848876953125
2023-04-11,1210.82666015625,1781.0413818359375,8233.21875,4105.92236328125,2149.651123046875
2023-04-12,1175.09716796875,1781.0413818359375,8303.189453125,4094.97314453125,2117.244384765625
2023-04-13,1175.09716796875,1797.92333984375,8326.513671875,4105.92236328125,2149.651123046875
2023-04-14,1159.2176513671875,1781.0413818359375,8396.4833984375,4116.87158203125,2144.25
2023-04-17,1135.3980712890625,1789.482177734375,8419.80859375,4138.77001953125,2133.44775390625
2023-04-18,1190.97705078125,1772.6004638671875,8513.1015625,4149.71875,2182.057861328125
2023-04-26,1230.67626953125,1781.0413818359375,8583.0712890625,4193.515625,2236.0693359375
2023-04-27,1222.7364501953125,1755.718505859375,8536.4248046875,4160.66796875,2230.668212890625
2023-04-28,1242.586181640625,1772.6004638671875,8443.130859375,4127.8203125,2236.0693359375
2023-05-02,1183.037353515625,1738.8365478515625,8443.130859375,4182.56591796875,2084.837646484375
2023-05-03,1167.157470703125,1789.482177734375,8326.513671875,4149.71875,1939.007080078125
2023-05-04,1159.2176513671875,1797.92333984375,8396.4833984375,4073.074951171875,1841.78662109375
2023-05-05,1107.608642578125,1721.95458984375,8396.4833984375,4051.177001953125,1814.7808837890625
2023-05-08,1139.3680419921875,1747.277587890625,8396.4833984375,4007.38037109375,1884.995849609375
2023-05-09,1147.307861328125,1781.0413818359375,8326.513671875,3996.431396484375,1884.995849609375
2023-05-10,1167.157470703125,1772.6004638671875,8326.513671875,4029.278564453125,1884.995849609375
2023-05-11,1111.5784912109375,1721.95458984375,8233.21875,4007.38037109375,1857.989990234375
2023-05-12,1095.6988525390625,1688.1907958984375,8209.8955078125,3941.685302734375,1836.385498046875
2023-05-15,1055.9996337890625,1679.7498779296875,8186.5712890625,3897.88916015625,1841.78662109375
2023-05-16,1059.969482421875,1662.867919921875,8116.6005859375,3832.194091796875,1820.1820068359375
2023-05-17,1008.3604736328125,1633.32470703125,8186.5712890625,3832.194091796875,1766.170654296875
2023-05-19,956.7515869140625,1650.20654296875,8396.4833984375,3865.041748046875,1685.1536865234375
2023-05-22,976.6010131835938,1637.5450439453125,8396.4833984375,3875.99072265625,1706.7581787109375
2023-05-23,1007.7488403320312,1641.7655029296875,8513.1015625,3919.787353515625,1701.3570556640625
2023-05-24,990.1464233398438,1645.986083984375,8419.80859375,3865.041748046875,1679.75244140625
2023-05-25,932.9378662109375,1641.7655029296875,8443.130859375,3941.685302734375,1625.7412109375
2023-05-26,919.7359619140625,1620.6632080078125,8536.4248046875,3919.787353515625,1587.933349609375
2023-05-29,910.9345703125,1633.32470703125,8536.4248046875,3963.583740234375,1598.735595703125
2023-05-30,928.537353515625,1637.5450439453125,8629.7197265625,3952.634765625,1668.9503173828125
2023-05-31,897.732666015625,1599.560791015625,8443.130859375,3963.583740234375,1652.7469482421875
2023-06-05,924.1365356445312,1667.08837890625,8583.0712890625,3941.685302734375,1701.3570556640625
2023-06-06,976.9443969726562,1696.6317138671875,8536.4248046875,4029.278564453125,1771.572021484375
2023-06-07,954.9412231445312,1705.07275390625,8489.7783203125,4007.38037109375,1722.961669921875
2023-06-08,968.1431274414062,1675.5294189453125,8513.1015625,4029.278564453125,1782.3741455078125
2023-06-09,963.7424926757812,1667.08837890625,8489.7783203125,4040.2275390625,1825.5833740234375
2023-06-12,972.543701171875,1683.970458984375,8536.4248046875,4073.074951171875,1906.6002197265625
2023-06-13,972.543701171875,1696.6317138671875,8536.4248046875,3996.431396484375,1884.995849609375
2023-06-14,990.1464233398438,1713.513671875,8466.455078125,3930.736328125,1879.594482421875
2023-06-15,1012.1495361328125,1721.95458984375,8443.130859375,3985.48193359375,1960.611572265625
2023-06-16,1020.9508666992188,1738.8365478515625,8443.130859375,3952.634765625,2063.23291015625
2023-06-19,994.5469970703125,1713.513671875,8396.4833984375,3963.583740234375,2047.02978515625
2023-06-20,998.9475708007812,1705.07275390625,8443.130859375,3974.532958984375,2079.4365234375
2023-06-21,994.5469970703125,1696.6317138671875,8513.1015625,3985.48193359375,2079.4365234375
2023-06-22,994.5469970703125,1696.6317138671875,8443.130859375,3963.583740234375,2041.62841796875
2023-06-23,981.3450927734375,1696.6317138671875,8443.130859375,3952.634765625,1998.4195556640625
2023-06-26,972.543701171875,1713.77099609375,8466.455078125,3996.431396484375,2415.634033203125
2023-06-27,981.3450927734375,1713.77099609375,8536.4248046875,4007.38037109375,2055.206298828125
2023-07-03,1025.3515625,1726.953857421875,8466.455078125,4040.2275390625,2085.880859375
2023-07-04,1029.7523193359375,1731.3480224609375,8443.130859375,3985.48193359375,2093.549560546875
2023-07-05,1064.9573974609375,1744.5308837890625,8443.130859375,4007.38037109375,2131.89306640625
2023-07-06,1078.159423828125,1775.2908935546875,8466.455078125,3985.48193359375,2154.89892578125
2023-07-07,1047.3548583984375,1735.7423095703125,8419.80859375,3974.532958984375,2124.224365234375
2023-07-10,1064.9573974609375,1740.13671875,8443.130859375,3963.583740234375,2131.89306640625
2023-07-11,1069.3580322265625,1757.7137451171875,8419.80859375,3930.736328125,2116.555419921875
2023-07-12,1042.9541015625,1748.9251708984375,8559.7490234375,3919.787353515625,2093.549560546875
2023-07-13,1020.9508666992188,1748.9251708984375,8513.1015625,3897.88916015625,2101.21826171875
2023-07-14,1038.5535888671875,1757.7137451171875,8583.0712890625,3908.838134765625,2124.224365234375
2023-07-17,1047.3548583984375,1748.9251708984375,8559.7490234375,3919.787353515625,2139.561767578125
2023-07-18,1025.3515625,1748.9251708984375,8536.4248046875,3897.88916015625,2108.886962890625
2023-07-20,1042.9541015625,1748.9251708984375,8536.4248046875,3963.583740234375,2124.224365234375
2023-07-21,1064.9573974609375,1735.7423095703125,8536.4248046875,3963.583740234375,2139.561767578125
2023-07-24,1086.9605712890625,1735.7423095703125,8489.7783203125,3952.634765625,2208.579833984375
2023-07-25,1069.3580322265625,1735.7423095703125,8536.4248046875,3952.634765625,2185.57373046875
2023-07-26,1100.1624755859375,1744.5308837890625,8723.013671875,3919.787353515625,2208.579833984375
2023-07-27,1078.159423828125,1731.3480224609375,8606.396484375,3897.88916015625,2170.236328125
2023-07-28,1086.9605712890625,1722.5594482421875,8513.1015625,3886.939697265625,2147.230224609375
2023-07-31,1060.5567626953125,1744.5308837890625,8513.1015625,3886.939697265625,2124.224365234375
2023-08-01,1051.7554931640625,1792.8680419921875,8513.1015625,3799.346923828125,2093.549560546875
2023-08-02,1042.9541015625,1766.5023193359375,8583.0712890625,3886.939697265625,2101.21826171875
2023-08-03,1038.5535888671875,1766.5023193359375,8629.7197265625,3919.787353515625,2101.21826171875
2023-08-04,1056.156005859375,1775.2908935546875,8536.4248046875,3941.685302734375,2131.89306640625
2023-08-07,1047.3548583984375,1792.8680419921875,8653.0439453125,3941.685302734375,2124.224365234375
2023-08-08,1042.9541015625,1766.5023193359375,8583.0712890625,3908.838134765625,2124.224365234375
2023-08-09,1056.156005859375,1766.5023193359375,8769.66015625,3974.532958984375,2131.89306640625
2023-08-10,1060.5567626953125,1748.9251708984375,8769.66015625,3985.48193359375,2139.561767578125
2023-08-11,1034.1527099609375,1748.9251708984375,8769.66015625,3985.48193359375,2124.224365234375
2023-08-14,1051.7554931640625,1757.7137451171875,8723.013671875,4029.278564453125,2131.89306640625
2023-08-15,1104.563232421875,1748.9251708984375,8676.3662109375,3985.48193359375,2139.561767578125
2023-08-16,1108.9638671875,1722.5594482421875,8676.3662109375,3985.48193359375,2124.224365234375
2023-08-18,1117.76513671875,1713.77099609375,8629.7197265625,3963.583740234375,2139.561767578125
2023-08-21,1152.970458984375,1713.77099609375,8559.7490234375,3996.431396484375,2147.230224609375
2023-08-22,1188.1756591796875,1709.3765869140625,8676.3662109375,3985.48193359375,2292.935302734375
2023-08-23,1188.1756591796875,1718.1651611328125,8676.3662109375,3974.532958984375,2315.941162109375
2023-08-24,1174.9736328125,1753.319580078125,8583.0712890625,3996.431396484375,2262.260498046875
2023-08-25,1139.7685546875,1748.9251708984375,8653.0439453125,3985.48193359375,2231.585693359375
2023-08-28,1179.374267578125,1753.319580078125,8583.0712890625,3985.48193359375,2277.59765625
2023-08-29,1179.374267578125,1753.319580078125,8629.7197265625,4007.38037109375,2269.92919921875
2023-08-30,1183.77490234375,1753.319580078125,8583.0712890625,4029.278564453125,2231.585693359375
2023-08-31,1174.9736328125,1748.9251708984375,8559.7490234375,4018.329345703125,2193.242431640625
2023-09-01,1179.374267578125,1718.1651611328125,8606.396484375,4018.329345703125,2208.579833984375
2023-09-04,1205.7781982421875,1713.77099609375,8606.396484375,4138.77001953125,2239.25439453125
2023-09-05,1205.7781982421875,1713.77099609375,8606.396484375,4215.41357421875,2246.92333984375
2023-09-06,1262.9866943359375,1709.3765869140625,8536.4248046875,4193.515625,2292.935302734375
2023-09-07,1267.387451171875,1718.1651611328125,8559.7490234375,4160.66796875,2239.25439453125
2023-09-08,1271.7880859375,1709.3765869140625,8513.1015625,4105.92236328125,2246.92333984375
2023-09-11,1232.18212890625,1718.1651611328125,8513.1015625,4138.77001953125,2208.579833984375
2023-09-12,1236.5828857421875,1709.3765869140625,8489.7783203125,4073.074951171875,2200.910888671875
2023-09-13,1258.5860595703125,1683.010986328125,8466.455078125,4094.97314453125,2170.236328125
2023-09-14,1280.58935546875,1669.828125,8489.7783203125,4138.77001953125,2216.24853515625
2023-09-15,1249.7847900390625,1669.828125,8396.4833984375,4149.71875,2185.57373046875
2023-09-18,1249.7847900390625,1621.490966796875,8396.4833984375,4094.97314453125,2177.905029296875
2023-09-19,1276.188720703125,1617.0966796875,8466.455078125,4138.77001953125,2208.579833984375
2023-09-20,1302.592529296875,1634.673828125,8536.4248046875,4193.515625,2200.910888671875
2023-09-21,1298.1920166015625,1612.702392578125,8513.1015625,4204.46435546875,2162.567626953125
2023-09-22,1298.1920166015625,1625.88525390625,8466.455078125,4270.1591796875,2193.242431640625
2023-09-25,1298.1920166015625,1625.88525390625,8396.4833984375,4401.548828125,2185.57373046875
2023-09-26,1218.980224609375,1617.0966796875,8349.8359375,4368.701171875,2154.89892578125
2023-09-27,1262.9866943359375,1599.51953125,8279.8662109375,4434.396484375,2147.230224609375
2023-09-29,1254.1854248046875,1595.125244140625,8233.21875,4521.9892578125,2147.230224609375
2023-10-02,1236.5828857421875,1586.336669921875,8466.455078125,4511.0400390625,2147.230224609375
2023-10-03,1183.77490234375,1551.182373046875,8583.0712890625,4565.78564453125,2101.21826171875
2023-10-04,1170.572998046875,1529.2110595703125,8583.0712890625,4543.8876953125,2062.874755859375
2023-10-05,1148.5697021484375,1498.4510498046875,8466.455078125,4543.8876953125,2039.8687744140625
2023-10-06,1166.17236328125,1507.239501953125,8419.80859375,4554.83642578125,2039.8687744140625
2023-10-09,1218.980224609375,1590.73095703125,8443.130859375,4467.24365234375,2085.880859375
2023-10-10,1223.380859375,1595.125244140625,8326.513671875,4554.83642578125,2108.886962890625
2023-10-11,1214.5794677734375,1595.125244140625,8326.513671875,4532.9384765625,2101.21826171875
2023-10-12,1183.77490234375,1559.970947265625,8443.130859375,4664.328125,2078.212158203125
2023-10-13,1192.576171875,1542.3939208984375,8466.455078125,4532.9384765625,2062.874755859375
2023-10-16,1223.380859375,1586.336669921875,8489.7783203125,4554.83642578125,2078.212158203125
2023-10-17,1218.980224609375,1590.73095703125,8349.8359375,4554.83642578125,2085.880859375
2023-10-18,1249.7847900390625,1625.88525390625,8256.54296875,4489.14208984375,2085.880859375
2023-10-19,1240.9835205078125,1595.125244140625,8163.248046875,4327.0947265625,2062.874755859375
2023-10-20,1232.18212890625,1603.913818359375,8373.16015625,4353.37255859375,2085.880859375
2023-10-23,1170.572998046875,1537.99951171875,8256.54296875,4370.89111328125,2039.8687744140625
2023-10-24,1170.572998046875,1551.182373046875,8186.5712890625,4379.65087890625,2047.53759765625
2023-10-25,1174.9736328125,1520.42236328125,8279.8662109375,4353.37255859375,2062.874755859375
2023-10-26,1166.17236328125,1520.42236328125,8139.9248046875,4274.5390625,2039.8687744140625
2023-10-27,1161.7716064453125,1516.0281982421875,8116.6005859375,4248.26123046875,2039.8687744140625
2023-10-30,1117.76513671875,1516.0281982421875,8256.54296875,4248.26123046875,1986.18798828125
2023-10-31,1126.5665283203125,1498.4510498046875,8163.248046875,4195.705078125,1901.8326416015625
2023-11-01,1060.5567626953125,1450.1138916015625,8023.30712890625,4221.98291015625,1809.808349609375
2023-11-02,1051.7554931640625,1450.1138916015625,8256.54296875,4265.77978515625,1825.145751953125
2023-11-03,1095.7618408203125,1454.508056640625,8303.189453125,4283.29833984375,1832.814453125
2023-11-06,1113.3646240234375,1494.056640625,8443.130859375,4353.37255859375,1840.4830322265625
2023-11-07,1086.9605712890625,1485.2681884765625,8373.16015625,4327.0947265625,1809.808349609375
2023-11-08,1073.7586669921875,1458.9024658203125,8396.4833984375,4274.5390625,1786.8023681640625
2023-11-09,1078.159423828125,1454.508056640625,8396.4833984375,4257.0205078125,1802.1396484375
2023-11-10,1091.3614501953125,1428.1424560546875,8233.21875,4257.0205078125,1794.4710693359375
2023-11-13,1091.3614501953125,1423.7481689453125,8279.8662109375,4283.29833984375,1809.808349609375
2023-11-14,1091.3614501953125,1423.7481689453125,8326.513671875,4274.5390625,1832.814453125
2023-11-15,1104.563232421875,1441.3253173828125,8443.130859375,4362.1318359375,1840.4830322265625
2023-11-16,1113.3646240234375,1450.1138916015625,8466.455078125,4335.85400390625,1825.145751953125
2023-11-17,1117.76513671875,1436.9310302734375,8466.455078125,4362.1318359375,1840.4830322265625
2023-11-20,1122.165771484375,1414.9595947265625,8279.8662109375,4362.1318359375,1855.820556640625
2023-11-21,1148.5697021484375,1423.7481689453125,8186.5712890625,4445.34521484375,1863.4892578125
2023-11-22,1139.7685546875,1410.5653076171875,8279.8662109375,4445.34521484375,1855.820556640625
2023-11-23,1122.165771484375,1406.1710205078125,8326.513671875,4511.0400390625,1863.4892578125
2023-11-24,1117.76513671875,1410.5653076171875,8326.513671875,4554.83642578125,1886.4951171875
2023-11-27,1122.165771484375,1423.7481689453125,8279.8662109375,4620.53125,1871.1578369140625
2023-11-28,1135.3677978515625,1454.508056640625,8279.8662109375,4532.9384765625,1871.1578369140625
2023-11-29,1135.3677978515625,1494.056640625,8303.189453125,4576.73486328125,1855.820556640625
2023-11-30,1152.970458984375,1529.2110595703125,8373.16015625,4620.53125,1855.820556640625
2023-12-01,1126.5665283203125,1498.4510498046875,8349.8359375,4598.63330078125,1863.4892578125
2023-12-04,1126.5665283203125,1537.99951171875,8366.240234375,4642.4296875,1886.4951171875
2023-12-05,1104.563232421875,1533.605224609375,8342.8056640625,4642.4296875,1855.820556640625
2023-12-06,1113.3646240234375,1494.056640625,8249.06640625,4576.73486328125,1848.1517333984375
2023-12-07,1113.3646240234375,1436.9310302734375,8272.5009765625,4620.53125,1855.820556640625
2023-12-08,1126.5665283203125,1480.873779296875,8202.1962890625,4445.34521484375,1848.1517333984375
2023-12-11,1126.5665283203125,1454.508056640625,8202.1962890625,4532.9384765625,1817.4771728515625
2023-12-12,1122.165771484375,1428.1424560546875,8155.32666015625,4620.53125,1802.1396484375
2023-12-13,1078.159423828125,1401.7767333984375,8131.8916015625,4532.9384765625,1763.79638671875
2023-12-14,1095.7618408203125,1441.3253173828125,8483.4150390625,4686.22607421875,1771.4649658203125
2023-12-15,1108.9638671875,1467.69091796875,8647.458984375,4620.53125,1771.4649658203125
2023-12-18,1104.563232421875,1463.2967529296875,8624.0234375,4554.83642578125,1786.8023681640625
2023-12-19,1144.1690673828125,1441.3253173828125,8670.892578125,4554.83642578125,1817.4771728515625
2023-12-20,1135.3677978515625,1436.9310302734375,8717.763671875,4554.83642578125,1809.808349609375
2023-12-21,1144.1690673828125,1436.9310302734375,8741.1982421875,4511.0400390625,1825.145751953125
2023-12-22,1139.7685546875,1463.2967529296875,8741.1982421875,4598.63330078125,1840.4830322265625
2023-12-27,1139.7685546875,1524.816650390625,8788.0673828125,4620.53125,1871.1578369140625
2023-12-28,1135.3677978515625,1507.239501953125,8811.5029296875,4686.22607421875,1886.4951171875
2023-12-29,1135.358154296875,1498.4510498046875,8811.5029296875,4708.12451171875,1871.1578369140625
2024-01-02,1187.832763671875,1524.816650390625,8834.9375,4708.12451171875,1940.176025390625
2024-01-03,1149.66943359375,1494.056640625,8764.6328125,4686.22607421875,1940.176025390625
2024-01-04,1173.5216064453125,1480.873779296875,8881.8076171875,4905.208984375,2032.2000732421875
2024-01-05,1163.980712890625,1472.0853271484375,8975.546875,4883.310546875,2039.8687744140625
2024-01-08,1163.980712890625,1450.1138916015625,8975.546875,4883.310546875,2016.86279296875
2024-01-09,1159.21044921875,1445.7196044921875,9022.4169921875,4949.0048828125,2016.86279296875
2024-01-10,1173.5216064453125,1454.508056640625,8952.1123046875,4905.208984375,2032.2000732421875
2024-01-11,1168.751220703125,1436.9310302734375,8975.546875,4905.208984375,2009.1942138671875
2024-01-12,1183.0623779296875,1428.1424560546875,9092.720703125,4905.208984375,2024.531494140625
2024-01-15,1197.37353515625,1410.5653076171875,9116.1552734375,4927.10693359375,2078.212158203125
2024-01-16,1192.603271484375,1410.5653076171875,9092.720703125,4905.208984375,2070.54345703125
2024-01-17,1187.832763671875,1410.5653076171875,9139.5908203125,4861.412109375,2039.8687744140625
2024-01-18,1173.5216064453125,1423.7481689453125,9069.287109375,4861.412109375,2024.531494140625
2024-01-19,1159.21044921875,1445.7196044921875,9022.4169921875,4817.61572265625,2009.1942138671875
2024-01-22,1144.8990478515625,1445.7196044921875,9022.4169921875,4839.513671875,1955.5133056640625
2024-01-23,1121.0469970703125,1414.9595947265625,8998.9814453125,4751.9208984375,1947.8446044921875
2024-01-24,1116.276611328125,1349.0452880859375,8928.6767578125,4795.71728515625,1924.8385009765625
2024-01-25,1125.8175048828125,1366.6224365234375,8905.2431640625,4730.0224609375,1970.8507080078125
2024-01-26,1135.358154296875,1384.19970703125,8764.6328125,4751.9208984375,1970.8507080078125
2024-01-29,1144.8990478515625,1375.4110107421875,8952.1123046875,4883.310546875,1970.8507080078125
2024-01-30,1140.128662109375,1375.4110107421875,9045.8515625,4949.0048828125,1986.18798828125
2024-01-31,1144.8990478515625,1362.2281494140625,8952.1123046875,5036.59814453125,2001.5252685546875
2024-02-01,1154.4400634765625,1349.0452880859375,9092.720703125,5014.7001953125,1963.181884765625
2024-02-02,1154.4400634765625,1340.2567138671875,9092.720703125,5058.49609375,1947.8446044921875
2024-02-05,1159.21044921875,1265.553955078125,8975.546875,5036.59814453125,1947.8446044921875
2024-02-06,1173.5216064453125,1252.37109375,9022.4169921875,5058.49609375,1963.181884765625
2024-02-07,1173.5216064453125,1239.188232421875,9092.720703125,5036.59814453125,2001.5252685546875
2024-02-12,1178.2919921875,1287.525390625,9186.4599609375,5211.7841796875,2032.2000732421875
2024-02-13,1183.0623779296875,1357.833984375,9116.1552734375,5146.08984375,2024.531494140625
2024-02-15,1197.37353515625,1353.4395751953125,9233.330078125,5255.5810546875,2039.8687744140625
2024-02-16,1202.14404296875,1344.651123046875,9327.0693359375,5255.5810546875,2055.206298828125
2024-02-19,1159.21044921875,1331.46826171875,9256.7646484375,5146.08984375,2062.874755859375
2024-02-20,1159.21044921875,1322.6795654296875,9397.375,5277.478515625,2024.531494140625
2024-02-21,1154.4400634765625,1291.919677734375,9350.50390625,5255.5810546875,2001.5252685546875
2024-02-22,1163.980712890625,1318.285400390625,9256.7646484375,5211.7841796875,2016.86279296875
2024-02-23,1154.4400634765625,1362.2281494140625,9209.8955078125,5167.9873046875,2016.86279296875
2024-02-26,1130.587890625,1331.46826171875,9186.4599609375,5167.9873046875,1978.5194091796875
2024-02-27,1135.358154296875,1300.708251953125,9256.7646484375,5255.5810546875,1986.18798828125
2024-02-28,1144.8990478515625,1309.4967041015625,9373.939453125,5233.6826171875,2009.1942138671875
2024-02-29,1154.4400634765625,1283.1309814453125,9256.7646484375,5255.5810546875,1963.181884765625
2024-03-01,1187.832763671875,1300.708251953125,9209.8955078125,5167.9873046875,1978.5194091796875
2024-03-04,1211.6849365234375,1283.1309814453125,9139.5908203125,5146.08984375,2062.874755859375
2024-03-05,1254.6185302734375,1283.1309814453125,9186.4599609375,5167.9873046875,2101.21826171875
2024-03-06,1273.7001953125,1340.2567138671875,9327.0693359375,5211.7841796875,2131.89306640625
2024-03-07,1288.0113525390625,1384.19970703125,9491.11328125,5233.6826171875,2177.905029296875
2024-03-08,1273.7001953125,1375.4110107421875,9514.548828125,5343.173828125,2223.9169921875
2024-03-13,1240.3072509765625,1423.7481689453125,9373.939453125,5452.6650390625,2147.230224609375
2024-03-14,1273.7001953125,1445.7196044921875,9678.591796875,5386.97021484375,2208.579833984375
2024-03-15,1268.9298095703125,1419.3538818359375,9514.548828125,5323.1796875,2177.905029296875
2024-03-18,1254.6185302734375,1454.508056640625,9514.548828125,5323.1796875,2185.57373046875
2024-03-19,1254.6185302734375,1458.9024658203125,9537.9833984375,5369.06884765625,2246.92333984375
2024-03-20,1264.159423828125,1458.9024658203125,9491.11328125,5392.013671875,2216.24853515625
2024-03-21,1264.159423828125,1494.056640625,9491.11328125,5323.1796875,2262.260498046875
2024-03-22,1264.159423828125,1467.69091796875,9467.6796875,5369.06884765625,2254.591796875
2024-03-25,1273.7001953125,1458.9024658203125,9661.8759765625,5437.9033203125,2246.92333984375
2024-03-26,1307.0931396484375,1463.2967529296875,9637.900390625,5460.84814453125,2254.591796875
2024-03-27,1297.55224609375,1436.9310302734375,9661.8759765625,5437.9033203125,2262.260498046875
2024-03-28,1288.0113525390625,1406.1710205078125,9661.8759765625,5414.95849609375,2277.59765625
2024-04-01,1259.3890380859375,1388.5938720703125,9446.1015625,5185.51123046875,2216.24853515625
2024-04-02,1283.240966796875,1441.3253173828125,9494.0517578125,5024.89794921875,2239.25439453125
2024-04-03,1278.470703125,1445.7196044921875,9134.427734375,4887.2294921875,2239.25439453125
2024-04-04,1283.240966796875,1458.9024658203125,9446.1015625,4910.17431640625,2246.92333984375
2024-04-05,1288.0113525390625,1467.69091796875,9422.126953125,4864.28466796875,2246.92333984375
2024-04-16,1340.4859619140625,1590.73095703125,9086.478515625,4772.505859375,2377.290771484375
2024-04-17,1311.863525390625,1577.548095703125,9134.427734375,4818.3955078125,2369.6220703125
2024-04-18,1302.322509765625,1516.0281982421875,9086.478515625,4864.28466796875,2400.296875
2024-04-19,1316.6339111328125,1546.7880859375,9086.478515625,4795.45068359375,2407.965576171875
2024-04-22,1311.863525390625,1555.5767822265625,8966.603515625,4910.17431640625,2361.953369140625
2024-04-23,1311.863525390625,1529.2110595703125,9326.2265625,4818.3955078125,2346.615966796875
2024-04-24,1278.470703125,1476.4796142578125,9542.0009765625,4864.28466796875,2269.92919921875
2024-04-25,1249.84814453125,1397.3824462890625,9374.1767578125,4864.28466796875,2216.24853515625
2024-04-26,1240.3072509765625,1401.7767333984375,9230.328125,4726.6162109375,2208.579833984375
2024-04-29,1273.7001953125,1419.3538818359375,9398.1513671875,4795.45068359375,2300.60400390625
2024-04-30,1292.781982421875,1441.3253173828125,9398.1513671875,4818.3955078125,2323.610107421875
2024-05-02,1302.322509765625,1327.0738525390625,9158.4033203125,4432.923828125,2216.24853515625
2024-05-03,1302.322509765625,1309.4967041015625,9446.1015625,4432.923828125,2246.92333984375
2024-05-06,1359.567626953125,1331.46826171875,9398.1513671875,4414.56787109375,2246.92333984375
2024-05-07,1340.4859619140625,1322.6795654296875,9302.251953125,4313.61083984375,2208.579833984375
2024-05-08,1369.1085205078125,1349.0452880859375,8990.5791015625,4286.0771484375,2246.92333984375
2024-05-13,1407.271728515625,1340.2567138671875,9134.427734375,4387.0341796875,2246.92333984375
2024-05-14,1373.87890625,1340.2567138671875,9158.4033203125,4524.70263671875,2239.25439453125
2024-05-15,1350.02685546875,1375.4110107421875,9110.4541015625,4611.892578125,2231.585693359375
2024-05-16,1373.87890625,1375.4110107421875,9206.3525390625,4772.505859375,2246.92333984375
2024-05-17,1373.87890625,1423.7481689453125,9350.2021484375,4749.56103515625,2239.25439453125
2024-05-20,1388.1900634765625,1454.508056640625,9086.478515625,4570.59228515625,2246.92333984375
2024-05-21,1373.87890625,1490.773681640625,8990.5791015625,4377.8564453125,2280.385498046875
2024-05-22,1392.9605712890625,1452.6707763671875,9038.5283203125,4368.67822265625,2298.131591796875
2024-05-27,1369.1085205078125,1424.09375,8918.654296875,4286.0771484375,2236.02001953125
2024-05-28,1384.1904296875,1443.1451416015625,8918.654296875,4322.7890625,2227.146728515625
2024-05-29,1379.044921875,1452.6707763671875,8774.8056640625,4157.5869140625,2191.654541015625
2024-05-30,1409.9190673828125,1419.330810546875,8630.9560546875,4120.875,2209.400634765625
2024-05-31,1425.3560791015625,1395.5166015625,8870.7041015625,4038.274169921875,2209.400634765625
2024-06-03,1507.6871337890625,1400.2794189453125,8894.6787109375,4240.18798828125,2289.258544921875
2024-06-04,1502.5413818359375,1371.7022705078125,8966.603515625,4258.54345703125,2280.385498046875
2024-06-05,1476.8128662109375,1276.4451904296875,9062.50390625,4231.009765625,2244.89306640625
2024-06-06,1466.5216064453125,1252.630859375,9086.478515625,4377.8564453125,2227.146728515625
2024-06-07,1461.3758544921875,1238.34228515625,8942.6298828125,4313.61083984375,2244.89306640625
2024-06-10,1415.064697265625,1181.1881103515625,9134.427734375,4231.009765625,2200.527587890625
2024-06-11,1399.6275634765625,1195.4766845703125,8918.654296875,4111.697265625,2165.03515625
2024-06-12,1435.6474609375,1209.7652587890625,8870.7041015625,4065.807861328125,2156.162109375
2024-06-13,1430.5018310546875,1195.4766845703125,8822.7548828125,4111.697265625,2236.02001953125
2024-06-14,1430.5018310546875,1152.6109619140625,8822.7548828125,3955.673095703125,2182.78125
2024-06-19,1368.75341796875,1157.373779296875,8678.90625,3946.4951171875,2156.162109375
2024-06-20,1404.773193359375,1157.373779296875,9038.5283203125,4038.274169921875,2147.2890625
2024-06-21,1404.773193359375,1171.662353515625,9206.3525390625,4166.7646484375,2147.2890625
2024-06-24,1399.6275634765625,1190.7137451171875,9206.3525390625,4166.7646484375,2156.162109375
2024-06-25,1394.48193359375,1166.8995361328125,9206.3525390625,4111.697265625,2138.415771484375
2024-06-26,1415.064697265625,1157.373779296875,9110.4541015625,4056.6298828125,2165.03515625
2024-06-27,1415.064697265625,1171.662353515625,9350.2021484375,4203.47607421875,2156.162109375
2024-06-28,1435.6474609375,1190.7137451171875,9518.0263671875,4276.8994140625,2173.908203125
2024-07-01,1440.7930908203125,1243.105224609375,9470.076171875,4322.7890625,2218.273681640625
2024-07-02,1461.3758544921875,1233.5794677734375,9494.0517578125,4322.7890625,2209.400634765625
2024-07-03,1487.1043701171875,1252.630859375,9589.951171875,4267.7216796875,2218.273681640625
2024-07-04,1471.6673583984375,1262.1566162109375,9422.126953125,4322.7890625,2244.89306640625
2024-07-05,1497.3956298828125,1247.8680419921875,9542.0009765625,4313.61083984375,2253.76611328125
2024-07-08,1492.2501220703125,1300.259521484375,9637.900390625,4286.0771484375,2262.63916015625
2024-07-09,1492.2501220703125,1281.2080078125,9661.8759765625,4460.45751953125,2244.89306640625
2024-07-10,1492.2501220703125,1281.2080078125,9685.8505859375,4423.74560546875,2253.76611328125
2024-07-11,1471.6673583984375,1295.49658203125,9661.8759765625,4469.63525390625,2262.63916015625
2024-07-12,1456.230224609375,1295.49658203125,9661.8759765625,4611.892578125,2244.89306640625
2024-07-15,1476.8128662109375,1285.970947265625,9637.900390625,4611.892578125,2236.02001953125
2024-07-16,1476.8128662109375,1276.4451904296875,9542.0009765625,4570.59228515625,2244.89306640625
2024-07-17,1492.2501220703125,1314.5479736328125,9398.1513671875,4588.94775390625,2253.76611328125
2024-07-18,1559.14404296875,1309.78515625,9685.8505859375,4657.7822265625,2324.7509765625
2024-07-19,1595.1636962890625,1285.970947265625,9709.8251953125,4680.72705078125,2333.6240234375
2024-07-22,1641.47509765625,1276.4451904296875,9685.8505859375,4680.72705078125,2377.989501953125
2024-07-23,1610.600830078125,1252.630859375,9757.775390625,4634.83740234375,2351.3701171875
2024-07-24,1631.1837158203125,1247.8680419921875,9661.8759765625,4680.72705078125,2324.7509765625
2024-07-25,1610.600830078125,1219.2908935546875,9877.6484375,4611.892578125,2315.877685546875
2024-07-26,1636.329345703125,1233.5794677734375,9901.6240234375,4588.94775390625,2360.2431640625
2024-07-29,1636.329345703125,1247.8680419921875,9829.69921875,4611.892578125,2369.116455078125
2024-07-30,1662.0577392578125,1238.34228515625,9757.775390625,4543.05859375,2342.4970703125
2024-07-31,1656.912109375,1252.630859375,9853.6748046875,4561.4140625,2377.989501953125
2024-08-01,1672.34912109375,1281.2080078125,9949.57421875,4657.7822265625,2369.116455078125
2024-08-02,1708.3690185546875,1281.2080078125,9781.7509765625,4680.72705078125,2413.48193359375
2024-08-05,1590.0181884765625,1224.0538330078125,9470.076171875,4552.236328125,2271.51220703125
2024-08-06,1636.329345703125,1233.5794677734375,9589.951171875,4611.892578125,2298.131591796875
2024-08-07,1662.0577392578125,1233.5794677734375,9685.8505859375,4588.94775390625,2315.877685546875
2024-08-08,1641.47509765625,1209.7652587890625,9805.724609375,4611.892578125,2298.131591796875
2024-08-09,1636.329345703125,1224.0538330078125,9733.80078125,4703.67138671875,2289.258544921875
2024-08-12,1667.2034912109375,1247.8680419921875,9781.7509765625,4703.67138671875,2351.3701171875
2024-08-13,1662.0577392578125,1247.8680419921875,9877.6484375,4749.56103515625,2360.2431640625
2024-08-14,1656.912109375,1243.105224609375,9781.7509765625,4841.33984375,2413.48193359375
2024-08-15,1651.766357421875,1319.3109130859375,9805.724609375,4818.3955078125,2395.735595703125
2024-08-16,1687.7862548828125,1390.753662109375,9901.6240234375,4864.28466796875,2422.35498046875
2024-08-19,1687.7862548828125,1400.2794189453125,9949.57421875,4910.17431640625,2404.608642578125
2024-08-20,1682.640625,1405.042236328125,9997.5234375,5024.89794921875,2413.48193359375
2024-08-21,1677.494873046875,1400.2794189453125,9997.5234375,5001.953125,2404.608642578125
2024-08-22,1728.951904296875,1371.7022705078125,9901.6240234375,4841.33984375,2413.48193359375
2024-08-23,1785.55419921875,1381.22802734375,9901.6240234375,5001.953125,2448.97412109375
2024-08-26,1795.8458251953125,1409.80517578125,9901.6240234375,5070.78759765625,2457.847412109375
2024-08-27,1811.2828369140625,1400.2794189453125,9781.7509765625,4956.06396484375,2466.720458984375
2024-08-28,1816.428466796875,1381.22802734375,9925.599609375,4933.119140625,2466.720458984375
2024-08-29,1811.2828369140625,1343.1251220703125,9805.724609375,4864.28466796875,2466.720458984375
2024-08-30,1831.865478515625,1324.07373046875,9901.6240234375,4910.17431640625,2422.35498046875
2024-09-02,1857.593994140625,1328.8365478515625,9853.6748046875,4910.17431640625,2502.212646484375
2024-09-03,1852.4482421875,1305.0223388671875,9757.775390625,4933.119140625,2484.466552734375
2024-09-04,1831.865478515625,1281.2080078125,9877.6484375,4910.17431640625,2448.97412109375
2024-09-05,1826.719970703125,1281.2080078125,9829.69921875,5001.953125,2440.10107421875
2024-09-06,1785.55419921875,1271.682373046875,9877.6484375,5185.51123046875,2404.608642578125
2024-09-09,1795.8458251953125,1257.393798828125,9853.6748046875,5254.34521484375,2377.989501953125
2024-09-10,1795.8458251953125,1257.393798828125,9925.599609375,5231.400390625,2369.116455078125
2024-09-11,1811.2828369140625,1252.630859375,9997.5234375,5185.51123046875,2360.2431640625
2024-09-12,1981.0906982421875,1281.2080078125,10045.4736328125,5139.62158203125,2413.48193359375
2024-09-13,1888.4681396484375,1271.682373046875,9997.5234375,5162.56640625,2422.35498046875
2024-09-17,1934.779296875,1314.5479736328125,10069.4482421875,5185.51123046875,2484.466552734375
2024-09-18,1878.1767578125,1300.259521484375,10189.3232421875,5231.400390625,2466.720458984375
2024-09-19,1883.3223876953125,1309.78515625,10453.046875,5346.12451171875,2466.720458984375
2024-09-20,1898.7593994140625,1305.0223388671875,10333.171875,5277.2900390625,2617.56298828125
2024-09-23,1903.9052734375,1328.8365478515625,10500.99609375,5323.1796875,2768.405517578125
2024-09-24,1924.4879150390625,1343.1251220703125,10357.146484375,5323.1796875,2750.659423828125
2024-09-25,1898.7593994140625,1371.7022705078125,10405.0966796875,5139.62158203125,2732.913330078125
2024-09-26,1945.07080078125,1357.4136962890625,10261.248046875,5139.62158203125,2759.532470703125
2024-09-27,2011.9647216796875,1400.2794189453125,10213.2978515625,5001.953125,2786.15185546875
2024-09-30,1960.5078125,1409.80517578125,9901.6240234375,4910.17431640625,2732.913330078125
2024-10-01,2017.110595703125,1428.8565673828125,10117.3984375,4933.119140625,2724.0400390625
2024-10-02,1991.3818359375,1462.196533203125,10069.4482421875,4910.17431640625,2706.2939453125
2024-10-03,1970.7989501953125,1462.196533203125,10021.4990234375,4933.119140625,2715.1669921875
2024-10-04,1960.5078125,1452.6707763671875,10045.4736328125,4887.2294921875,2653.055419921875
2024-10-07,2001.67333984375,1471.7222900390625,9877.6484375,4772.505859375,2750.659423828125
2024-10-08,1955.3619384765625,1452.6707763671875,9973.548828125,4910.17431640625,2732.913330078125
2024-10-09,1965.6536865234375,1443.1451416015625,9997.5234375,4887.2294921875,2706.2939453125
2024-10-10,1965.6536865234375,1462.196533203125,10069.4482421875,4887.2294921875,2679.674560546875
2024-10-11,1991.3818359375,1490.773681640625,9949.57421875,4933.119140625,2688.5478515625
2024-10-14,1991.3818359375,1552.6907958984375,10069.4482421875,4979.00830078125,2750.659423828125
2024-10-15,1996.5277099609375,1524.1136474609375,10189.3232421875,5047.8427734375,2750.659423828125
2024-10-16,1981.0906982421875,1495.5364990234375,10045.4736328125,5024.89794921875,2732.913330078125
2024-10-17,2006.8189697265625,1543.1650390625,10285.2236328125,5047.8427734375,2715.1669921875
2024-10-18,1945.07080078125,1547.927978515625,10309.1962890625,5185.51123046875,2706.2939453125
2024-10-21,1924.4879150390625,1609.8450927734375,10237.2724609375,5162.56640625,2679.674560546875
2024-10-22,1919.34228515625,1590.7935791015625,10069.4482421875,5185.51123046875,2697.4208984375
2024-10-23,1898.7593994140625,1571.7421875,10213.2978515625,5208.4560546875,2617.56298828125
2024-10-24,1893.61376953125,1543.1650390625,10261.248046875,5162.56640625,2590.943603515625
2024-10-25,1883.3223876953125,1509.8250732421875,10309.1962890625,5185.51123046875,2555.451416015625
2024-10-28,1893.61376953125,1533.639404296875,10165.3486328125,5047.8427734375,2546.578125
2024-10-29,1867.8853759765625,1538.4022216796875,10069.4482421875,4864.28466796875,2528.83203125
2024-10-30,1873.03125,1552.6907958984375,9925.599609375,4795.45068359375,2519.958984375
2024-10-31,1862.73974609375,1524.1136474609375,9829.69921875,4818.3955078125,2626.43603515625
2024-11-01,1950.216552734375,1447.907958984375,9997.5234375,4772.505859375,2590.943603515625
2024-11-04,2022.2559814453125,1452.6707763671875,9949.57421875,4864.28466796875,2546.578125
2024-11-05,2078.858642578125,1500.2994384765625,10069.4482421875,4956.06396484375,2564.324462890625
2024-11-06,2063.421630859375,1466.9593505859375,10021.4990234375,4703.67138671875,2537.705078125
2024-11-07,2017.110595703125,1500.2994384765625,9757.775390625,4611.892578125,2511.0859375
2024-11-08,1970.7989501953125,1509.8250732421875,9661.8759765625,4570.59228515625,2484.466552734375
2024-11-11,1924.4879150390625,1457.4337158203125,9637.900390625,4579.77001953125,2457.847412109375
2024-11-12,1965.6536865234375,1490.773681640625,9733.80078125,4524.70263671875,2546.578125
2024-11-13,2017.110595703125,1428.8565673828125,9733.80078125,4552.236328125,2493.339599609375
2024-11-14,1970.7989501953125,1409.80517578125,9685.8505859375,4543.05859375,2457.847412109375
2024-11-15,2017.110595703125,1333.5994873046875,9757.775390625,4506.3466796875,2440.10107421875
2024-11-18,1903.9052734375,1328.8365478515625,9589.951171875,4469.63525390625,2413.48193359375
2024-11-19,1909.0509033203125,1405.042236328125,9518.0263671875,4451.279296875,2457.847412109375
2024-11-20,1898.7593994140625,1400.2794189453125,9661.8759765625,4451.279296875,2431.22802734375
2024-11-21,1893.61376953125,1419.330810546875,9493.21484375,4331.966796875,2413.48193359375
2024-11-22,1929.6336669921875,1381.22802734375,9493.21484375,4442.1015625,2457.847412109375
2024-11-25,1939.9249267578125,1414.5679931640625,9806.4423828125,4579.77001953125,2484.466552734375
2024-11-26,1888.4681396484375,1381.22802734375,9637.78125,4543.05859375,2448.97412109375
2024-11-28,2254.5751953125,1352.65087890625,9637.78125,4611.892578125,2475.593505859375
2024-11-29,1699.1002197265625,1362.1766357421875,9637.78125,4570.59228515625,2395.735595703125
2024-12-02,1886.9813232421875,1343.1251220703125,9396.8369140625,4322.7890625,2369.116455078125
2024-12-03,1927.8251953125,1381.22802734375,9830.537109375,4387.0341796875,2395.735595703125
2024-12-04,1927.8251953125,1395.5166015625,9830.537109375,4543.05859375,2404.608642578125
2024-12-05,1911.4876708984375,1419.330810546875,9878.7255859375,4423.74560546875,2431.22802734375
2024-12-06,1878.8126220703125,1414.5679931640625,9710.0654296875,4460.45751953125,2422.35498046875
2024-12-09,2189.225341796875,1419.330810546875,9975.103515625,4588.94775390625,2440.10107421875
2024-12-10,2230.06884765625,1547.927978515625,9975.103515625,4680.72705078125,2511.0859375
2024-12-11,2132.0439453125,1524.1136474609375,10047.38671875,4657.7822265625,2484.466552734375
2024-12-12,2066.694091796875,1538.4022216796875,9806.4423828125,4478.81298828125,2484.466552734375
2024-12-13,2107.537841796875,1509.8250732421875,9685.970703125,4341.14453125,2466.720458984375
2024-12-16,2123.875,1486.0108642578125,9734.1591796875,4258.54345703125,2431.22802734375
2024-12-17,2050.3564453125,1438.3822021484375,9541.404296875,4102.51953125,2369.116455078125
2024-12-18,2115.70654296875,1443.1451416015625,9445.025390625,4065.807861328125,2377.989501953125
2024-12-19,2074.862548828125,1400.2794189453125,9324.5537109375,3955.673095703125,2289.258544921875
2024-12-20,2083.031494140625,1352.65087890625,9300.458984375,3909.78369140625,2298.131591796875
2024-12-23,2074.862548828125,1385.9908447265625,9420.9306640625,4019.91845703125,2298.131591796875
2024-12-24,2050.3564453125,1366.939453125,9396.8369140625,4019.91845703125,2298.131591796875
2024-12-27,2074.862548828125,1452.6707763671875,9445.025390625,4001.5625,2324.7509765625
2024-12-30,2071.861328125,1452.6707763671875,9324.5537109375,3992.384765625,2440.10107421875
2025-01-02,2157.123291015625,1471.7222900390625,9541.404296875,4212.654296875,2377.989501953125
2025-01-03,2097.43994140625,1447.907958984375,9493.21484375,4166.7646484375,2395.735595703125
2025-01-06,2029.2305908203125,1395.5166015625,9324.5537109375,4065.807861328125,2351.3701171875
2025-01-07,2105.966064453125,1366.939453125,9179.986328125,4001.5625,2342.4970703125
2025-01-08,2046.282958984375,1362.1766357421875,9324.5537109375,4010.740478515625,2342.4970703125
2025-01-09,1995.1258544921875,1352.65087890625,9493.21484375,4019.91845703125,2324.7509765625
2025-01-10,1978.073486328125,1395.5166015625,9372.7421875,3992.384765625,2386.862548828125
2025-01-13,2003.652099609375,1409.80517578125,9324.5537109375,3863.89404296875,2315.877685546875
2025-01-14,2012.17822265625,1447.907958984375,9179.986328125,3790.470947265625,2324.7509765625
2025-01-15,2046.282958984375,1457.4337158203125,9445.025390625,4047.4521484375,2369.116455078125
2025-01-16,2054.80908203125,1447.907958984375,9396.8369140625,4130.05322265625,2386.862548828125
2025-01-17,2046.282958984375,1447.907958984375,9541.404296875,4102.51953125,2377.989501953125
2025-01-20,2003.652099609375,1438.3822021484375,9276.3642578125,4240.18798828125,2360.2431640625
2025-01-21,1969.54736328125,1438.3822021484375,9228.17578125,4350.32275390625,2386.862548828125
2025-01-22,1978.073486328125,1447.907958984375,9252.2705078125,4396.2119140625,2404.608642578125
2025-01-23,1995.1258544921875,1419.330810546875,9252.2705078125,4267.7216796875,2395.735595703125
2025-01-24,1961.0211181640625,1419.330810546875,9011.3251953125,4231.009765625,2395.735595703125
2025-01-30,1961.0211181640625,1328.8365478515625,8818.5693359375,4258.54345703125,2377.989501953125
2025-01-31,1986.5997314453125,1324.07373046875,9107.7041015625,4377.8564453125,2386.862548828125
2025-02-03,1969.54736328125,1314.5479736328125,9011.3251953125,4387.0341796875,2369.116455078125
2025-02-04,1986.5997314453125,1333.5994873046875,8842.6640625,4313.61083984375,2386.862548828125
2025-02-05,2012.17822265625,1381.22802734375,8794.4755859375,4130.05322265625,2413.48193359375
2025-02-06,1952.4949951171875,1333.5994873046875,8625.814453125,3937.3173828125,2351.3701171875
2025-02-07,1935.442626953125,1362.1766357421875,9011.3251953125,3918.96142578125,2369.116455078125
2025-02-10,1884.2855224609375,1319.3109130859375,8818.5693359375,3808.82666015625,2324.7509765625
2025-02-11,1833.12841796875,1333.5994873046875,8746.287109375,3735.403564453125,2324.7509765625
2025-02-12,1909.864013671875,1328.8365478515625,8818.5693359375,3946.4951171875,2342.4970703125
2025-02-13,1884.2855224609375,1400.2794189453125,8674.0029296875,3900.605712890625,2386.862548828125
2025-02-14,1909.864013671875,1457.4337158203125,8649.9091796875,4010.740478515625,2404.608642578125
2025-02-17,1943.96875,1481.2479248046875,8987.23046875,4194.29833984375,2404.608642578125
2025-02-18,1926.9163818359375,1476.485107421875,8963.13671875,4359.50048828125,2386.862548828125
2025-02-19,1918.3902587890625,1500.2994384765625,8625.814453125,4148.40869140625,2360.2431640625
2025-02-20,1875.7593994140625,1605.0821533203125,8674.0029296875,4093.341552734375,2369.116455078125
2025-02-21,1858.70703125,1543.1650390625,8674.0029296875,3946.4951171875,2360.2431640625
2025-02-24,1867.233154296875,1562.216552734375,8601.7197265625,3854.71630859375,2342.4970703125
2025-02-25,1790.49755859375,1557.45361328125,8505.3427734375,3882.25,2324.7509765625
2025-02-26,1799.023681640625,1552.6907958984375,8457.1533203125,3992.384765625,2315.877685546875
2025-02-27,1764.9190673828125,1547.927978515625,8216.2080078125,3983.206787109375,2324.7509765625
2025-02-28,1764.9190673828125,1509.8250732421875,8119.8310546875,3698.69189453125,2298.131591796875
2025-03-03,1747.86669921875,1509.8250732421875,8481.248046875,3909.78369140625,2289.258544921875
2025-03-04,1628.5001220703125,1466.9593505859375,8529.4365234375,3873.072021484375,2227.146728515625
2025-03-05,1619.9739990234375,1543.1650390625,8674.0029296875,4093.341552734375,2289.258544921875
2025-03-06,1747.86669921875,1547.927978515625,8649.9091796875,4212.654296875,2289.258544921875
2025-03-07,1705.23583984375,1552.6907958984375,8601.7197265625,4166.7646484375,2262.63916015625
2025-03-10,1632.76318359375,1419.330810546875,8601.7197265625,4084.16357421875,2227.146728515625
2025-03-11,1577.3431396484375,1447.907958984375,8601.7197265625,4084.16357421875,2209.400634765625
2025-03-12,1577.3431396484375,1471.7222900390625,8794.4755859375,4157.5869140625,2200.527587890625
2025-03-13,1590.1324462890625,1462.196533203125,8649.9091796875,4157.5869140625,2173.908203125
2025-03-14,1543.2384033203125,1514.587890625,8433.05859375,4065.807861328125,2173.908203125
2025-03-17,1547.50146484375,1576.5050048828125,8288.4921875,3974.02880859375,2173.908203125
2025-03-18,1530.4490966796875,1557.45361328125,7999.3583984375,3845.538330078125,2147.2890625
2025-03-19,1534.712158203125,1581.2679443359375,8023.45263671875,3827.1826171875,2156.162109375
2025-03-20,1534.712158203125,1566.9793701171875,8071.64208984375,3744.58154296875,2138.415771484375
2025-03-21,1534.712158203125,1509.8250732421875,7848.119140625,3460.066650390625,2058.55810546875
2025-03-24,1492.081298828125,1514.587890625,7897.791015625,3414.17724609375,2040.8118896484375
2025-03-25,1487.8182373046875,1524.1136474609375,7997.13427734375,3579.37939453125,2173.908203125
2025-03-26,1568.81689453125,1571.7421875,8469.0146484375,3900.605712890625,2227.146728515625
2025-03-27,1573.080078125,1557.45361328125,8444.1787109375,3891.427734375,2236.02001953125
2025-04-08,1402.5565185546875,1333.5994873046875,7723.93994140625,3698.69189453125,2147.2890625
2025-04-09,1406.8194580078125,1405.042236328125,7872.955078125,3707.869873046875,2182.78125
2025-04-10,1449.450439453125,1552.6907958984375,8170.98486328125,3909.78369140625,2377.989501953125
2025-04-11,1462.2396240234375,1609.8450927734375,8220.65625,4029.09619140625,2377.989501953125
2025-04-14,1504.87060546875,1743.2049560546875,8344.8359375,4175.9423828125,2431.22802734375
2025-04-15,1534.712158203125,1771.7821044921875,8518.6865234375,4280.0,2448.97412109375
2025-04-16,1534.712158203125,1833.69921875,8419.3427734375,4100.0,2404.608642578125
2025-04-17,1534.712158203125,1852.7506103515625,8444.1787109375,4040.0,2422.35498046875
2025-04-21,1538.975341796875,1990.8734130859375,8245.4921875,3990.0,2422.35498046875
2025-04-22,1602.921630859375,2086.130615234375,8444.1787109375,4010.0,2448.97412109375
2025-04-23,1577.3431396484375,1971.822021484375,8667.701171875,4150.0,2466.720458984375
2025-04-24,1598.6585693359375,2048.02783203125,8419.3427734375,4170.0,2466.720458984375
2025-04-25,1602.921630859375,2038.501953125,8543.5224609375,4200.0,2466.720458984375
2025-04-28,1619.9739990234375,2028.976318359375,8717.373046875,4190.0,2457.847412109375
2025-04-29,1619.9739990234375,2076.604736328125,8667.701171875,4140.0,2475.593505859375
2025-04-30,1619.9739990234375,2067.0791015625,8767.044921875,4180.0,2448.97412109375
2025-05-02,1607.184814453125,2181.3876953125,8916.0595703125,4200.0,2431.22802734375
2025-05-05,1585.8692626953125,2209.96484375,8916.0595703125,4210.0,2413.48193359375
2025-05-06,1598.6585693359375,2419.530517578125,8965.7314453125,4180.0,2404.608642578125
2025-05-07,1619.9739990234375,2619.5703125,9015.4033203125,4160.0,2448.97412109375
2025-05-08,1615.7109375,2486.21044921875,8916.0595703125,4120.0,2413.48193359375
2025-05-09,1581.606201171875,2552.890380859375,8940.8955078125,4100.0,2404.608642578125
2025-05-14,1632.76318359375,2429.05615234375,9214.08984375,4370.0,2475.593505859375
2025-05-15,1632.76318359375,2429.05615234375,9214.08984375,4500.0,2457.847412109375
2025-05-16,1833.12841796875,2514.78759765625,9238.9248046875,4500.0,2537.705078125
2025-05-19,1978.073486328125,2590.9931640625,9437.611328125,4460.0,2573.197509765625
2025-05-20,1884.2855224609375,2600.51904296875,9412.7763671875,4450.0,2502.212646484375
2025-05-21,1841.6546630859375,2771.981689453125,9636.298828125,4520.0,2475.593505859375
2025-05-22,1833.12841796875,2819.6103515625,9586.626953125,4470.0,2502.212646484375
2025-05-23,1790.49755859375,2981.54736328125,9611.462890625,4510.0,2519.958984375
2025-05-26,1781.971435546875,2962.495849609375,9561.791015625,4500.0,2511.0859375
2025-05-27,1952.4949951171875,2886.290283203125,9387.9404296875,4530.0,2528.83203125
2025-05-28,1875.7593994140625,2962.495849609375,9338.2685546875,4490.0,2564.324462890625
2025-06-02,1816.0760498046875,3162.535888671875,9040.23828125,4370.0,2537.705078125
2025-06-03,1790.49755859375,3200.638671875,8990.5673828125,4370.0,2537.705078125
2025-06-04,1790.49755859375,3381.627197265625,8916.0595703125,4300.0,2528.83203125
2025-06-05,1807.5499267578125,3286.3701171875,8866.3876953125,4420.0,2546.578125
2025-06-10,1799.023681640625,3105.381591796875,9040.23828125,4520.0,2626.43603515625
2025-06-11,1807.5499267578125,3124.43310546875,8990.5673828125,4540.0,2670.801513671875
2025-06-12,1807.5499267578125,3019.650146484375,9065.07421875,4540.0,2644.182373046875
2025-06-13,1846.12890625,3143.484375,8965.7314453125,4540.0,2635.30908203125
2025-06-16,1850.755859375,3124.43310546875,8866.3876953125,4400.0,2670.801513671875
2025-06-17,1850.755859375,3305.42138671875,9015.4033203125,4360.0,2688.5478515625
2025-06-18,1841.5020751953125,3381.627197265625,8841.5517578125,4300.0,2679.674560546875
2025-06-19,1781.3524169921875,3172.0615234375,8717.373046875,4130.0,2653.055419921875
2025-06-20,1721.202880859375,3048.227294921875,8642.865234375,4110.0,2617.56298828125
2025-06-23,1665.68017578125,3190.0,8568.3583984375,4060.0,2510.0
2025-06-24,1679.5609130859375,3090.0,8717.373046875,4140.0,2440.0
2025-06-25,1651.799560546875,2930.0,8543.5224609375,4110.0,2420.0
2025-06-26,1656.4263916015625,2940.0,8593.1943359375,4120.0,2400.0
2025-06-30,1693.4415283203125,3040.0,8618.029296875,4120.0,2460.0
2025-07-01,1693.4415283203125,3070.0,8642.865234375,4010.0,2460.0
2025-07-02,1642.5457763671875,2990.0,8618.029296875,4020.0,2440.0
2025-07-03,1628.6651611328125,3120.0,8543.5224609375,3970.0,2420.0
2025-07-04,1624.0382080078125,3000.0,8593.1943359375,4000.0,2430.0
2025-07-07,1610.1575927734375,2910.0,8568.3583984375,4000.0,2440.0
2025-07-08,1614.784423828125,2930.0,8444.1787109375,3970.0,2400.0
2025-07-09,1610.1575927734375,2920.0,8444.1787109375,4000.0,2390.0
2025-07-10,1702.6953125,2990.0,8543.5224609375,4110.0,2430.0
2025-07-11,1730.4566650390625,2990.0,8568.3583984375,4180.0,2480.0
2025-07-14,1688.814697265625,3030.0,8469.0146484375,4040.0,2490.0
2025-07-15,1679.5609130859375,3000.0,8493.8505859375,4050.0,2470.0
2025-07-16,1702.6953125,2990.0,8469.0146484375,4130.0,2460.0
2025-07-17,1693.4415283203125,3010.0,8469.0146484375,4110.0,2440.0
2025-07-18,1698.0684814453125,2970.0,8369.671875,4120.0,2450.0
2025-07-21,1744.33740234375,3190.0,8394.5078125,4070.0,2420.0
2025-07-22,1818.3675537109375,2960.0,8344.8359375,4050.0,2420.0
2025-07-23,1869.263427734375,3040.0,8369.671875,4100.0,2440.0
2025-07-24,1827.621337890625,3030.0,8444.1787109375,4220.0,2470.0
2025-07-25,1772.0986328125,2970.0,8394.5078125,4090.0,2450.0
2025-07-28,1781.3524169921875,2970.0,8444.1787109375,4210.0,2460.0
2025-07-29,1776.7255859375,3000.0,8344.8359375,4150.0,2460.0
2025-07-30,1758.218017578125,2990.0,8320.0,4120.0,2450.0
2025-07-31,1711.9490966796875,2850.0,8220.65625,4010.0,2420.0
2025-08-01,1725.829833984375,2880.0,8245.4921875,4010.0,2420.0
2025-08-04,1758.218017578125,2910.0,8220.65625,4010.0,2400.0
2025-08-05,1725.829833984375,2940.0,8369.671875,4220.0,2400.0
2025-08-06,1721.202880859375,3080.0,8245.4921875,4100.0,2420.0
2025-08-07,1730.4566650390625,3150.0,8245.4921875,4120.0,2400.0
2025-08-08,1656.4263916015625,3090.0,8245.4921875,4070.0,2400.0
2025-08-11,1674.9339599609375,2940.0,8493.8505859375,4200.0,2410.0
2025-08-12,1721.202880859375,2900.0,8791.880859375,4360.0,2440.0
2025-08-13,1693.4415283203125,2910.0,8866.3876953125,4370.0,2450.0
2025-08-14,1702.6953125,2890.0,8717.373046875,4390.0,2420.0
2025-08-15,1674.9339599609375,2900.0,8642.865234375,4370.0,2420.0
2025-08-19,1665.68017578125,2810.0,8444.1787109375,4330.0,2400.0
2025-08-20,1674.9339599609375,2840.0,8469.0146484375,4430.0,2430.0
2025-08-21,1647.1727294921875,2830.0,8493.8505859375,4490.0,2430.0
2025-08-22,1642.5457763671875,2820.0,8394.5078125,4390.0,2420.0
2025-08-25,1610.1575927734375,2870.0,8419.3427734375,4450.0,2420.0
2025-08-26,1605.5306396484375,2880.0,8195.8203125,4540.0,2500.0
2025-08-27,1670.30712890625,2960.0,8245.4921875,4450.0,2450.0
2025-08-28,1637.9189453125,2980.0,8270.328125,4460.0,2430.0
2025-08-29,1624.0382080078125,3040.0,8021.97021484375,4380.0,2400.0
2025-09-01,1591.6500244140625,3200.0,7947.46240234375,4320.0,2400.0
2025-09-02,1591.6500244140625,3470.0,7947.46240234375,4310.0,2420.0
2025-09-03,1600.90380859375,3480.0,7922.626953125,4410.0,2420.0
2025-09-04,1628.6651611328125,3390.0,7947.46240234375,4370.0,2410.0
2025-09-08,1591.6500244140625,3610.0,7649.4326171875,4180.0,2410.0
2025-09-09,1559.26171875,3660.0,7475.58203125,4080.0,2400.0
2025-09-10,1559.26171875,3510.0,7748.77587890625,4100.0,2380.0
2025-09-11,1554.6348876953125,3390.0,7798.44775390625,4420.0,2370.0
2025-09-12,1545.381103515625,3490.0,7872.955078125,4520.0,2390.0
2025-09-15,1554.6348876953125,3490.0,7972.29833984375,4410.0,2380.0
2025-09-16,1526.87353515625,3600.0,7872.955078125,4370.0,2380.0
2025-09-17,1550.0079345703125,3460.0,7798.44775390625,4450.0,2380.0
2025-09-18,1517.6197509765625,3420.0,7649.4326171875,4340.0,2360.0
2025-09-19,1540.7542724609375,3450.0,7748.77587890625,4270.0,2380.0
2025-09-22,1536.1273193359375,3580.0,7674.2685546875,4210.0,2370.0
2025-09-23,1628.6651611328125,3670.0,7823.28369140625,4200.0,2380.0
2025-09-24,1600.90380859375,3470.0,7723.93994140625,4190.0,2380.0
2025-09-25,1596.27685546875,3170.0,7649.4326171875,4190.0,2350.0
2025-09-26,1573.1424560546875,3210.0,7574.92529296875,4180.0,2350.0
2025-09-29,1596.27685546875,3300.0,7723.93994140625,4170.0,2330.0
2025-09-30,1563.888671875,3160.0,7574.92529296875,4100.0,2350.0
2025-10-01,1545.381103515625,3210.0,7450.74609375,4050.0,2330.0
2025-10-02,1545.381103515625,3110.0,7450.74609375,4040.0,2310.0
2025-10-03,1536.1273193359375,3200.0,7475.58203125,4040.0,2320.0
2025-10-06,1531.50048828125,3190.0,7450.74609375,4000.0,2310.0
2025-10-07,1526.87353515625,3140.0,7525.25341796875,3990.0,2270.0
2025-10-08,1711.9490966796875,3330.0,7326.56689453125,3940.0,2270.0
2025-10-09,1600.90380859375,3220.0,7500.41796875,4100.0,2340.0
2025-10-10,1619.411376953125,3310.0,7351.40283203125,3970.0,2380.0
2025-10-13,1596.27685546875,3370.0,7276.8955078125,3900.0,2340.0
2025-10-14,1577.769287109375,3350.0,7202.38818359375,3800.0,2300.0
2025-10-15,1554.6348876953125,3400.0,7202.38818359375,3770.0,2170.0
2025-10-16,1550.0079345703125,3430.0,7252.0595703125,3850.0,2210.0
2025-10-17,1526.87353515625,3450.0,7450.74609375,3800.0,2210.0
2025-10-20,1568.5155029296875,3270.0,7823.28369140625,4040.0,2270.0
2025-10-21,1670.30712890625,3290.0,8419.3427734375,4050.0,2340.0
2025-10-22,1642.5457763671875,3170.0,8146.14892578125,4030.0,2290.0
2025-10-23,1656.4263916015625,3190.0,8270.328125,4240.0,2320.0
2025-10-24,1628.6651611328125,3130.0,8220.65625,4370.0,2350.0
2025-10-27,1651.799560546875,3150.0,8295.1640625,4370.0,2340.0
2025-10-28,1651.799560546875,3100.0,8220.65625,4370.0,2350.0
2025-10-29,1790.606201171875,3200.0,8543.5224609375,4440.0,2370.0
2025-10-30,1832.248291015625,3120.0,8469.0146484375,4410.0,2430.0
2025-10-31,1744.33740234375,3100.0,8469.0146484375,4380.0,2400.0
2025-11-03,1795.233154296875,3110.0,8593.1943359375,4430.0,2400.0
2025-11-04,1762.844970703125,2960.0,8593.1943359375,4450.0,2400.0
2025-11-05,1748.9642333984375,2980.0,8642.865234375,4460.0,2380.0
2025-11-06,1776.7255859375,2930.0,8493.8505859375,4440.0,2400.0
2025-11-07,1799.8599853515625,2900.0,8618.029296875,4500.0,2390.0
2025-11-10,1813.74072265625,2910.0,8518.6865234375,4420.0,2390.0
2025-11-11,1804.4869384765625,2880.0,8344.8359375,4420.0,2390.0
2025-11-12,1818.3675537109375,2880.0,8444.1787109375,4460.0,2380.0
2025-11-13,1785.9793701171875,2890.0,8320.0,4420.0,2360.0
2025-11-14,1739.71044921875,3040.0,8369.671875,4390.0,2340.0
2025-11-17,1767.4718017578125,3060.0,8518.6865234375,4390.0,2350.0
2025-11-18,1739.71044921875,3010.0,8344.8359375,4460.0,2310.0
2025-11-19,1776.7255859375,3000.0,8419.3427734375,4460.0,2320.0
2025-11-20,1762.844970703125,2980.0,8369.671875,4460.0,2330.0
2025-11-21,1730.4566650390625,2910.0,8344.8359375,4390.0,2320.0
2025-11-24,1735.0836181640625,2930.0,8419.3427734375,4390.0,2330.0
2025-11-25,1716.5760498046875,3000.0,8444.1787109375,4420.0,2310.0
2025-11-26,1707.322265625,3030.0,8369.671875,4410.0,2320.0
2025-11-27,1674.9339599609375,3000.0,8270.328125,4350.0,2300.0
2025-11-28,1674.9339599609375,2910.0,8220.65625,4260.0,2310.0
2025-12-01,1684.187744140625,2990.0,8344.8359375,4310.0,2290.0
2025-12-02,1702.6953125,2980.0,8320.0,4270.0,2310.0
2025-12-03,1711.9490966796875,2920.0,8300.0,4260.0,2310.0
2025-12-04,1674.9339599609375,2900.0,8225.0,4310.0,2300.0
2025-12-05,1679.5609130859375,2910.0,8300.0,4290.0,2300.0
2025-12-08,1758.218017578125,2970.0,8300.0,4310.0,2300.0
2025-12-09,1698.0684814453125,2920.0,8100.0,4320.0,2290.0
2025-12-10,1693.4415283203125,2930.0,8075.0,4310.0,2290.0
2025-12-11,1647.1727294921875,2890.0,8000.0,4230.0,2260.0
2025-12-12,1647.1727294921875,3050.0,8000.0,4240.0,2260.0
2025-12-15,1688.814697265625,3030.0,8300.0,4440.0,2260.0
2025-12-16,1670.30712890625,2970.0,8075.0,4400.0,2280.0
2025-12-17,1679.5609130859375,3020.0,8025.0,4370.0,2270.0
2025-12-18,1758.218017578125,3110.0,8175.0,4380.0,2260.0
2025-12-19,1758.218017578125,3070.0,8050.0,4340.0,2270.0
2025-12-22,1753.5911865234375,3190.0,8175.0,4330.0,2280.0
2025-12-23,1762.844970703125,3190.0,8025.0,4290.0,2280.0
2025-12-24,1748.9642333984375,3220.0,8025.0,4270.0,2280.0
2025-12-26,1748.9642333984375,3220.0,8025.0,4270.0,2280.0
2025-12-29,1799.8599853515625,3300.0,8025.0,4260.0,2320.0
2025-12-30,1810.0,3150.0,8075.0,4370.0,2310.0
2025-12-31,1810.0,3150.0,8075.0,4370.0,2310.0
2026-01-02,1820.0,3210.0,8025.0,4260.0,2320.0
2026-01-05,1840.0,3390.0,8075.0,4230.0,2340.0
2026-01-06,1865.0,3450.0,8175.0,4240.0,2370.0
2026-01-07,2010.0,3850.0,8150.0,4200.0,2420.0
